"","P","Pu","K","Ku","C","Cu","S","Su","br","sem","prior","uprior","condition","posterior"
"1",0,0,0,0,0,0,0,0,0,FALSE,9.22488891811912e-11,1.47598222689906e-09,"c00000",2.83064296854033e-09
"2",1,0,0,0,0,0,0,0,0,FALSE,9.22488891811912e-11,1.47598222689906e-09,"c10000",3.43141496004883e-09
"3",0,1,0,0,0,0,0,0,0,FALSE,1.95787845672427e-11,3.13260553075884e-10,"c00000",6.00771991508504e-10
"4",1,1,0,0,0,0,0,0,0,TRUE,1.95787845672427e-11,3.13260553075884e-10,"c10001",5.49713078846894e-10
"5",0,0,1,0,0,0,0,0,0,FALSE,9.22488891811912e-11,1.47598222689906e-09,"c01000",2.83100524420939e-09
"6",1,0,1,0,0,0,0,0,0,FALSE,9.22488891811912e-11,1.47598222689906e-09,"c11000",3.43185412463592e-09
"7",0,1,1,0,0,0,0,0,0,FALSE,1.95787845672427e-11,3.13260553075884e-10,"c01000",6.00848880426533e-10
"8",1,1,1,0,0,0,0,0,0,TRUE,1.95787845672427e-11,3.13260553075884e-10,"c11001",5.49659986629573e-10
"9",0,0,0,1,0,0,0,0,0,FALSE,1.18063381429017e-14,1.88901410286428e-13,"c00000",3.6227566906278e-13
"10",1,0,0,1,0,0,0,0,0,FALSE,1.18063381429017e-14,1.88901410286428e-13,"c10000",4.39164587091942e-13
"11",0,1,0,1,0,0,0,0,0,FALSE,2.50576189133152e-15,4.00921902613044e-14,"c00000",7.68889180291623e-14
"12",1,1,0,1,0,0,0,0,0,TRUE,2.50576189133152e-15,4.00921902613044e-14,"c10001",7.03542183331278e-14
"13",0,0,1,1,0,0,0,0,0,TRUE,1.18063381429017e-14,1.88901410286428e-13,"c01001",3.94665534332359e-13
"14",1,0,1,1,0,0,0,0,0,TRUE,1.18063381429017e-14,1.88901410286428e-13,"c11001",3.31454265890903e-13
"15",0,1,1,1,0,0,0,0,0,TRUE,2.50576189133152e-15,4.00921902613044e-14,"c01001",8.37633010152764e-14
"16",1,1,1,1,0,0,0,0,0,TRUE,2.50576189133152e-15,4.00921902613044e-14,"c11001",7.03474234039312e-14
"17",0,0,0,0,1,0,0,0,0,FALSE,9.22488891811912e-11,1.47598222689906e-09,"c00100",2.83064296854033e-09
"18",1,0,0,0,1,0,0,0,0,FALSE,9.22488891811912e-11,1.47598222689906e-09,"c10100",3.43141496004883e-09
"19",0,1,0,0,1,0,0,0,0,FALSE,1.95787845672427e-11,3.13260553075884e-10,"c00100",6.00771991508504e-10
"20",1,1,0,0,1,0,0,0,0,TRUE,1.95787845672427e-11,3.13260553075884e-10,"c10101",5.49713078846894e-10
"21",0,0,1,0,1,0,0,0,0,FALSE,9.22488891811912e-11,1.47598222689906e-09,"c01100",2.83100524420939e-09
"22",1,0,1,0,1,0,0,0,0,FALSE,9.22488891811912e-11,1.47598222689906e-09,"c11100",3.43185412463592e-09
"23",0,1,1,0,1,0,0,0,0,FALSE,1.95787845672427e-11,3.13260553075884e-10,"c01100",6.00848880426533e-10
"24",1,1,1,0,1,0,0,0,0,TRUE,1.95787845672427e-11,3.13260553075884e-10,"c11101",5.49659986629573e-10
"25",0,0,0,1,1,0,0,0,0,FALSE,1.18063381429017e-14,1.88901410286428e-13,"c00100",3.6227566906278e-13
"26",1,0,0,1,1,0,0,0,0,FALSE,1.18063381429017e-14,1.88901410286428e-13,"c10100",4.39164587091942e-13
"27",0,1,0,1,1,0,0,0,0,FALSE,2.50576189133152e-15,4.00921902613044e-14,"c00100",7.68889180291623e-14
"28",1,1,0,1,1,0,0,0,0,TRUE,2.50576189133152e-15,4.00921902613044e-14,"c10101",7.03542183331278e-14
"29",0,0,1,1,1,0,0,0,0,TRUE,1.18063381429017e-14,1.88901410286428e-13,"c01101",3.94665534332359e-13
"30",1,0,1,1,1,0,0,0,0,TRUE,1.18063381429017e-14,1.88901410286428e-13,"c11101",3.31454265890903e-13
"31",0,1,1,1,1,0,0,0,0,TRUE,2.50576189133152e-15,4.00921902613044e-14,"c01101",8.37633010152764e-14
"32",1,1,1,1,1,0,0,0,0,TRUE,2.50576189133152e-15,4.00921902613044e-14,"c11101",7.03474234039312e-14
"33",0,0,0,0,0,1,0,0,0,FALSE,0.0247122658534633,0.395396253655413,"c00000",0.758292074795712
"34",1,0,0,0,0,1,0,0,0,FALSE,0.0247122658534633,0.395396253655413,"c10000",0.919231001033751
"35",0,1,0,0,0,1,0,0,0,FALSE,0.0052448992460284,0.0839183879364545,"c00000",0.160938926238039
"36",1,1,0,0,0,1,0,0,0,TRUE,0.0052448992460284,0.0839183879364545,"c10001",0.147260914122314
"37",0,0,1,0,0,1,0,0,0,FALSE,0.0247122658534633,0.395396253655413,"c01000",0.758389123689478
"38",1,0,1,0,0,1,0,0,0,FALSE,0.0247122658534633,0.395396253655413,"c11000",0.91934864745883
"39",0,1,1,0,0,1,0,0,0,FALSE,0.0052448992460284,0.0839183879364545,"c01000",0.160959523769352
"40",1,1,1,0,0,1,0,0,0,TRUE,0.0052448992460284,0.0839183879364545,"c11001",0.147246691414585
"41",0,0,0,1,0,1,0,0,0,FALSE,3.16276292899535e-06,5.06042068639257e-05,"c00000",9.70488937653906e-05
"42",1,0,0,1,0,1,0,0,0,FALSE,3.16276292899535e-06,5.06042068639257e-05,"c10000",0.000117646425078637
"43",0,1,0,1,0,1,0,0,0,FALSE,6.71260701063133e-07,1.07401712170101e-05,"c00000",2.05975313132467e-05
"44",1,1,0,1,0,1,0,0,0,TRUE,6.71260701063133e-07,1.07401712170101e-05,"c10001",1.88469710886811e-05
"45",0,0,1,1,0,1,0,0,0,TRUE,3.16276292899535e-06,5.06042068639257e-05,"c01001",0.00010572571327622
"46",1,0,1,1,0,1,0,0,0,TRUE,3.16276292899535e-06,5.06042068639257e-05,"c11001",8.87922446510131e-05
"47",0,1,1,1,0,1,0,0,0,TRUE,6.71260701063133e-07,1.07401712170101e-05,"c01001",2.24390882299669e-05
"48",1,1,1,1,0,1,0,0,0,TRUE,6.71260701063133e-07,1.07401712170101e-05,"c11001",1.88451508163911e-05
"49",0,0,0,0,1,1,0,0,0,FALSE,0.0247122658534633,0.395396253655413,"c00100",0.758292074795712
"50",1,0,0,0,1,1,0,0,0,FALSE,0.0247122658534633,0.395396253655413,"c10100",0.919231001033751
"51",0,1,0,0,1,1,0,0,0,FALSE,0.0052448992460284,0.0839183879364545,"c00100",0.160938926238039
"52",1,1,0,0,1,1,0,0,0,TRUE,0.0052448992460284,0.0839183879364545,"c10101",0.147260914122314
"53",0,0,1,0,1,1,0,0,0,FALSE,0.0247122658534633,0.395396253655413,"c01100",0.758389123689478
"54",1,0,1,0,1,1,0,0,0,FALSE,0.0247122658534633,0.395396253655413,"c11100",0.91934864745883
"55",0,1,1,0,1,1,0,0,0,FALSE,0.0052448992460284,0.0839183879364545,"c01100",0.160959523769352
"56",1,1,1,0,1,1,0,0,0,TRUE,0.0052448992460284,0.0839183879364545,"c11101",0.147246691414585
"57",0,0,0,1,1,1,0,0,0,FALSE,3.16276292899535e-06,5.06042068639257e-05,"c00100",9.70488937653906e-05
"58",1,0,0,1,1,1,0,0,0,FALSE,3.16276292899535e-06,5.06042068639257e-05,"c10100",0.000117646425078637
"59",0,1,0,1,1,1,0,0,0,FALSE,6.71260701063133e-07,1.07401712170101e-05,"c00100",2.05975313132467e-05
"60",1,1,0,1,1,1,0,0,0,TRUE,6.71260701063133e-07,1.07401712170101e-05,"c10101",1.88469710886811e-05
"61",0,0,1,1,1,1,0,0,0,TRUE,3.16276292899535e-06,5.06042068639257e-05,"c01101",0.00010572571327622
"62",1,0,1,1,1,1,0,0,0,TRUE,3.16276292899535e-06,5.06042068639257e-05,"c11101",8.87922446510131e-05
"63",0,1,1,1,1,1,0,0,0,TRUE,6.71260701063133e-07,1.07401712170101e-05,"c01101",2.24390882299669e-05
"64",1,1,1,1,1,1,0,0,0,TRUE,6.71260701063133e-07,1.07401712170101e-05,"c11101",1.88451508163911e-05
"65",0,0,0,0,0,0,1,0,0,FALSE,9.22488891811912e-11,1.47598222689906e-09,"c00010",3.07896570664235e-09
"66",1,0,0,0,0,0,1,0,0,FALSE,9.22488891811912e-11,1.47598222689906e-09,"c10010",3.73244139394169e-09
"67",0,1,0,0,0,0,1,0,0,FALSE,1.95787845672427e-11,3.13260553075884e-10,"c00010",6.53475687299333e-10
"68",1,1,0,0,0,0,1,0,0,TRUE,1.95787845672427e-11,3.13260553075884e-10,"c10011",5.1816876301906e-10
"69",0,0,1,0,0,0,1,0,0,FALSE,9.22488891811912e-11,1.47598222689906e-09,"c01010",3.07935976353112e-09
"70",1,0,1,0,0,0,1,0,0,FALSE,9.22488891811912e-11,1.47598222689906e-09,"c11010",3.73291908495332e-09
"71",0,1,1,0,0,0,1,0,0,FALSE,1.95787845672427e-11,3.13260553075884e-10,"c01010",6.53559321422203e-10
"72",1,1,1,0,0,0,1,0,0,TRUE,1.95787845672427e-11,3.13260553075884e-10,"c11011",5.18125393258957e-10
"73",0,0,0,1,0,0,1,0,0,FALSE,1.18063381429017e-14,1.88901410286428e-13,"c00010",3.94056888767716e-13
"74",1,0,0,1,0,0,1,0,0,FALSE,1.18063381429017e-14,1.88901410286428e-13,"c10010",4.77691011637935e-13
"75",0,1,0,1,0,0,1,0,0,FALSE,2.50576189133152e-15,4.00921902613044e-14,"c00010",8.36341228702198e-14
"76",1,1,0,1,0,0,1,0,0,TRUE,2.50576189133152e-15,4.00921902613044e-14,"c10011",6.63170655559447e-14
"77",0,0,1,1,0,0,1,0,0,TRUE,1.18063381429017e-14,1.88901410286428e-13,"c01011",3.6279378301144e-13
"78",1,0,1,1,0,0,1,0,0,TRUE,1.18063381429017e-14,1.88901410286428e-13,"c11011",3.12438372884179e-13
"79",0,1,1,1,0,0,1,0,0,TRUE,2.50576189133152e-15,4.00921902613044e-14,"c01011",7.69988818614875e-14
"80",1,1,1,1,0,0,1,0,0,TRUE,2.50576189133152e-15,4.00921902613044e-14,"c11011",6.63115149411081e-14
"81",0,0,0,0,1,0,1,0,0,FALSE,9.22488891811912e-11,1.47598222689906e-09,"c00110",3.07896570664235e-09
"82",1,0,0,0,1,0,1,0,0,FALSE,9.22488891811912e-11,1.47598222689906e-09,"c10110",3.73244139394169e-09
"83",0,1,0,0,1,0,1,0,0,FALSE,1.95787845672427e-11,3.13260553075884e-10,"c00110",6.53475687299333e-10
"84",1,1,0,0,1,0,1,0,0,TRUE,1.95787845672427e-11,3.13260553075884e-10,"c10111",5.1816876301906e-10
"85",0,0,1,0,1,0,1,0,0,FALSE,9.22488891811912e-11,1.47598222689906e-09,"c01110",3.07935976353112e-09
"86",1,0,1,0,1,0,1,0,0,FALSE,9.22488891811912e-11,1.47598222689906e-09,"c11110",3.73291908495332e-09
"87",0,1,1,0,1,0,1,0,0,FALSE,1.95787845672427e-11,3.13260553075884e-10,"c01110",6.53559321422203e-10
"88",1,1,1,0,1,0,1,0,0,TRUE,1.95787845672427e-11,3.13260553075884e-10,"c11111",5.18125393258957e-10
"89",0,0,0,1,1,0,1,0,0,FALSE,1.18063381429017e-14,1.88901410286428e-13,"c00110",3.94056888767716e-13
"90",1,0,0,1,1,0,1,0,0,FALSE,1.18063381429017e-14,1.88901410286428e-13,"c10110",4.77691011637935e-13
"91",0,1,0,1,1,0,1,0,0,FALSE,2.50576189133152e-15,4.00921902613044e-14,"c00110",8.36341228702198e-14
"92",1,1,0,1,1,0,1,0,0,TRUE,2.50576189133152e-15,4.00921902613044e-14,"c10111",6.63170655559447e-14
"93",0,0,1,1,1,0,1,0,0,TRUE,1.18063381429017e-14,1.88901410286428e-13,"c01111",3.6279378301144e-13
"94",1,0,1,1,1,0,1,0,0,TRUE,1.18063381429017e-14,1.88901410286428e-13,"c11111",3.12438372884179e-13
"95",0,1,1,1,1,0,1,0,0,TRUE,2.50576189133152e-15,4.00921902613044e-14,"c01111",7.69988818614875e-14
"96",1,1,1,1,1,0,1,0,0,TRUE,2.50576189133152e-15,4.00921902613044e-14,"c11111",6.63115149411081e-14
"97",0,0,0,0,0,1,1,0,0,FALSE,0.0247122658534633,0.395396253655413,"c00010",0.824814474966666
"98",1,0,0,0,0,1,1,0,0,FALSE,0.0247122658534633,0.395396253655413,"c10010",0.999872029118856
"99",0,1,0,0,0,1,1,0,0,FALSE,0.0052448992460284,0.0839183879364545,"c00010",0.17505755415219
"100",1,1,0,0,0,1,1,0,0,TRUE,0.0052448992460284,0.0839183879364545,"c10011",0.138810606201837
"101",0,0,1,0,0,1,1,0,0,FALSE,0.0247122658534633,0.395396253655413,"c01010",0.824920037631789
"102",1,0,1,0,0,1,1,0,0,FALSE,0.0247122658534633,0.395396253655413,"c11010",0.999999996267081
"103",0,1,1,0,0,1,1,0,0,FALSE,0.0052448992460284,0.0839183879364545,"c01010",0.175079958635292
"104",1,1,1,0,0,1,1,0,0,TRUE,0.0052448992460284,0.0839183879364545,"c11011",0.138798988012706
"105",0,0,0,1,0,1,1,0,0,FALSE,3.16276292899535e-06,5.06042068639257e-05,"c00010",0.000105562665123147
"106",1,0,0,1,0,1,1,0,0,FALSE,3.16276292899535e-06,5.06042068639257e-05,"c10010",0.000127967148224625
"107",0,1,0,1,0,1,1,0,0,FALSE,6.71260701063133e-07,1.07401712170101e-05,"c00010",2.24044831014777e-05
"108",1,1,0,1,0,1,1,0,0,TRUE,6.71260701063133e-07,1.07401712170101e-05,"c10011",1.77654708819432e-05
"109",0,0,1,1,0,1,1,0,0,TRUE,3.16276292899535e-06,5.06042068639257e-05,"c01011",9.71876896875457e-05
"110",1,0,1,1,0,1,1,0,0,TRUE,3.16276292899535e-06,5.06042068639257e-05,"c11011",8.3698136661266e-05
"111",0,1,1,1,0,1,1,0,0,TRUE,6.71260701063133e-07,1.07401712170101e-05,"c01011",2.06269891797078e-05
"112",1,1,1,1,0,1,1,0,0,TRUE,6.71260701063133e-07,1.07401712170101e-05,"c11011",1.7763983945128e-05
"113",0,0,0,0,1,1,1,0,0,FALSE,0.0247122658534633,0.395396253655413,"c00110",0.824814474966666
"114",1,0,0,0,1,1,1,0,0,FALSE,0.0247122658534633,0.395396253655413,"c10110",0.999872029118856
"115",0,1,0,0,1,1,1,0,0,FALSE,0.0052448992460284,0.0839183879364545,"c00110",0.17505755415219
"116",1,1,0,0,1,1,1,0,0,TRUE,0.0052448992460284,0.0839183879364545,"c10111",0.138810606201837
"117",0,0,1,0,1,1,1,0,0,FALSE,0.0247122658534633,0.395396253655413,"c01110",0.824920037631789
"118",1,0,1,0,1,1,1,0,0,FALSE,0.0247122658534633,0.395396253655413,"c11110",0.999999996267081
"119",0,1,1,0,1,1,1,0,0,FALSE,0.0052448992460284,0.0839183879364545,"c01110",0.175079958635292
"120",1,1,1,0,1,1,1,0,0,TRUE,0.0052448992460284,0.0839183879364545,"c11111",0.138798988012706
"121",0,0,0,1,1,1,1,0,0,FALSE,3.16276292899535e-06,5.06042068639257e-05,"c00110",0.000105562665123147
"122",1,0,0,1,1,1,1,0,0,FALSE,3.16276292899535e-06,5.06042068639257e-05,"c10110",0.000127967148224625
"123",0,1,0,1,1,1,1,0,0,FALSE,6.71260701063133e-07,1.07401712170101e-05,"c00110",2.24044831014777e-05
"124",1,1,0,1,1,1,1,0,0,TRUE,6.71260701063133e-07,1.07401712170101e-05,"c10111",1.77654708819432e-05
"125",0,0,1,1,1,1,1,0,0,TRUE,3.16276292899535e-06,5.06042068639257e-05,"c01111",9.71876896875457e-05
"126",1,0,1,1,1,1,1,0,0,TRUE,3.16276292899535e-06,5.06042068639257e-05,"c11111",8.3698136661266e-05
"127",0,1,1,1,1,1,1,0,0,TRUE,6.71260701063133e-07,1.07401712170101e-05,"c01111",2.06269891797078e-05
"128",1,1,1,1,1,1,1,0,0,TRUE,6.71260701063133e-07,1.07401712170101e-05,"c11111",1.7763983945128e-05
"129",0,0,0,0,0,0,0,1,0,FALSE,8.09268318291524e-12,1.29482930926644e-10,"c00000",2.48322738102024e-10
"130",1,0,0,0,0,0,0,1,0,FALSE,8.09268318291524e-12,1.29482930926644e-10,"c10000",3.01026433892853e-10
"131",0,1,0,0,0,0,0,1,0,FALSE,1.71758058027165e-12,2.74812892843464e-11,"c00000",5.27036957908287e-11
"132",1,1,0,0,0,0,0,1,0,TRUE,1.71758058027165e-12,2.74812892843464e-11,"c10001",4.82244699974107e-11
"133",0,0,1,0,0,0,0,1,0,FALSE,8.09268318291524e-12,1.29482930926644e-10,"c01000",2.48354519321729e-10
"134",1,0,1,0,0,0,0,1,0,FALSE,8.09268318291524e-12,1.29482930926644e-10,"c11000",3.01064960317399e-10
"135",0,1,1,0,0,0,0,1,0,FALSE,1.71758058027165e-12,2.74812892843464e-11,"c01000",5.27104409956697e-11
"136",1,1,1,0,0,0,0,1,0,TRUE,1.71758058027165e-12,2.74812892843464e-11,"c11001",4.82198123966735e-11
"137",0,0,0,1,0,0,0,1,0,FALSE,1.03573013170063e-15,1.657168210721e-14,"c00000",3.17812197049359e-14
"138",1,0,0,1,0,0,0,1,0,FALSE,1.03573013170063e-15,1.657168210721e-14,"c10000",3.85264245459934e-14
"139",0,1,0,1,0,0,0,1,0,FALSE,2.19822019520893e-16,3.51715231233429e-15,"c00000",6.74520484105752e-15
"140",1,1,0,1,0,0,0,1,0,TRUE,2.19822019520893e-16,3.51715231233429e-15,"c10001",6.17193772852212e-15
"141",0,0,1,1,0,0,0,1,0,TRUE,1.03573013170063e-15,1.657168210721e-14,"c01001",3.46226730849237e-14
"142",1,0,1,1,0,0,0,1,0,TRUE,1.03573013170063e-15,1.657168210721e-14,"c11001",2.90773622022945e-14
"143",0,1,1,1,0,0,0,1,0,TRUE,2.19822019520893e-16,3.51715231233429e-15,"c01001",7.34827122026751e-15
"144",1,1,1,1,0,0,0,1,0,TRUE,2.19822019520893e-16,3.51715231233429e-15,"c11001",6.17134163235526e-15
"145",0,0,0,0,1,0,0,1,0,FALSE,8.09268318291524e-12,1.29482930926644e-10,"c00100",2.48322738102024e-10
"146",1,0,0,0,1,0,0,1,0,FALSE,8.09268318291524e-12,1.29482930926644e-10,"c10100",3.01026433892853e-10
"147",0,1,0,0,1,0,0,1,0,FALSE,1.71758058027165e-12,2.74812892843464e-11,"c00100",5.27036957908287e-11
"148",1,1,0,0,1,0,0,1,0,TRUE,1.71758058027165e-12,2.74812892843464e-11,"c10101",4.82244699974107e-11
"149",0,0,1,0,1,0,0,1,0,FALSE,8.09268318291524e-12,1.29482930926644e-10,"c01100",2.48354519321729e-10
"150",1,0,1,0,1,0,0,1,0,FALSE,8.09268318291524e-12,1.29482930926644e-10,"c11100",3.01064960317399e-10
"151",0,1,1,0,1,0,0,1,0,FALSE,1.71758058027165e-12,2.74812892843464e-11,"c01100",5.27104409956697e-11
"152",1,1,1,0,1,0,0,1,0,TRUE,1.71758058027165e-12,2.74812892843464e-11,"c11101",4.82198123966735e-11
"153",0,0,0,1,1,0,0,1,0,FALSE,1.03573013170063e-15,1.657168210721e-14,"c00100",3.17812197049359e-14
"154",1,0,0,1,1,0,0,1,0,FALSE,1.03573013170063e-15,1.657168210721e-14,"c10100",3.85264245459934e-14
"155",0,1,0,1,1,0,0,1,0,FALSE,2.19822019520893e-16,3.51715231233429e-15,"c00100",6.74520484105752e-15
"156",1,1,0,1,1,0,0,1,0,TRUE,2.19822019520893e-16,3.51715231233429e-15,"c10101",6.17193772852212e-15
"157",0,0,1,1,1,0,0,1,0,TRUE,1.03573013170063e-15,1.657168210721e-14,"c01101",3.46226730849237e-14
"158",1,0,1,1,1,0,0,1,0,TRUE,1.03573013170063e-15,1.657168210721e-14,"c11101",2.90773622022945e-14
"159",0,1,1,1,1,0,0,1,0,TRUE,2.19822019520893e-16,3.51715231233429e-15,"c01101",7.34827122026751e-15
"160",1,1,1,1,1,0,0,1,0,TRUE,2.19822019520893e-16,3.51715231233429e-15,"c11101",6.17134163235526e-15
"161",0,0,0,0,0,1,0,1,0,FALSE,0.00216792353879996,0.0346867766207993,"c00000",0.0665224001709537
"162",1,0,0,0,0,1,0,1,0,FALSE,0.00216792353879996,0.0346867766207993,"c10000",0.080641028085105
"163",0,1,0,0,0,1,0,1,0,FALSE,0.000460117279472598,0.00736187647156157,"c00000",0.0141186279141513
"164",1,1,0,0,0,1,0,1,0,TRUE,0.000460117279472598,0.00736187647156157,"c10001",0.0129187021523655
"165",0,0,1,0,0,1,0,1,0,FALSE,0.00216792353879996,0.0346867766207993,"c01000",0.0665309139423115
"166",1,0,1,0,0,1,0,1,0,FALSE,0.00216792353879996,0.0346867766207993,"c11000",0.080651348808251
"167",0,1,1,0,0,1,0,1,0,FALSE,0.000460117279472598,0.00736187647156157,"c01000",0.0141204348659395
"168",1,1,1,0,0,1,0,1,0,TRUE,0.000460117279472598,0.00736187647156157,"c11001",0.0129174544422989
"169",0,0,0,1,0,1,0,1,0,FALSE,2.77458499437922e-07,4.43933599100675e-06,"c00000",8.51377135775676e-06
"170",1,0,0,1,0,1,0,1,0,FALSE,2.77458499437922e-07,4.43933599100675e-06,"c10000",1.03207231459878e-05
"171",0,1,0,1,0,1,0,1,0,FALSE,5.88874319795399e-08,9.42198911672638e-07,"c00000",1.80695178823105e-06
"172",1,1,0,1,0,1,0,1,0,TRUE,5.88874319795399e-08,9.42198911672638e-07,"c10001",1.65338105783237e-06
"173",0,0,1,1,0,1,0,1,0,TRUE,2.77458499437922e-07,4.43933599100675e-06,"c01001",9.27495939979984e-06
"174",1,0,1,1,0,1,0,1,0,TRUE,2.77458499437922e-07,4.43933599100675e-06,"c11001",7.78944344412831e-06
"175",0,1,1,1,0,1,0,1,0,TRUE,5.88874319795399e-08,9.42198911672638e-07,"c01001",1.96850535080079e-06
"176",1,1,1,1,0,1,0,1,0,TRUE,5.88874319795399e-08,9.42198911672638e-07,"c11001",1.65322137149815e-06
"177",0,0,0,0,1,1,0,1,0,FALSE,0.00216792353879996,0.0346867766207993,"c00100",0.0665224001709537
"178",1,0,0,0,1,1,0,1,0,FALSE,0.00216792353879996,0.0346867766207993,"c10100",0.080641028085105
"179",0,1,0,0,1,1,0,1,0,FALSE,0.000460117279472598,0.00736187647156157,"c00100",0.0141186279141513
"180",1,1,0,0,1,1,0,1,0,TRUE,0.000460117279472598,0.00736187647156157,"c10101",0.0129187021523655
"181",0,0,1,0,1,1,0,1,0,FALSE,0.00216792353879996,0.0346867766207993,"c01100",0.0665309139423115
"182",1,0,1,0,1,1,0,1,0,FALSE,0.00216792353879996,0.0346867766207993,"c11100",0.080651348808251
"183",0,1,1,0,1,1,0,1,0,FALSE,0.000460117279472598,0.00736187647156157,"c01100",0.0141204348659395
"184",1,1,1,0,1,1,0,1,0,TRUE,0.000460117279472598,0.00736187647156157,"c11101",0.0129174544422989
"185",0,0,0,1,1,1,0,1,0,FALSE,2.77458499437922e-07,4.43933599100675e-06,"c00100",8.51377135775676e-06
"186",1,0,0,1,1,1,0,1,0,FALSE,2.77458499437922e-07,4.43933599100675e-06,"c10100",1.03207231459878e-05
"187",0,1,0,1,1,1,0,1,0,FALSE,5.88874319795399e-08,9.42198911672638e-07,"c00100",1.80695178823105e-06
"188",1,1,0,1,1,1,0,1,0,TRUE,5.88874319795399e-08,9.42198911672638e-07,"c10101",1.65338105783237e-06
"189",0,0,1,1,1,1,0,1,0,TRUE,2.77458499437922e-07,4.43933599100675e-06,"c01101",9.27495939979984e-06
"190",1,0,1,1,1,1,0,1,0,TRUE,2.77458499437922e-07,4.43933599100675e-06,"c11101",7.78944344412831e-06
"191",0,1,1,1,1,1,0,1,0,TRUE,5.88874319795399e-08,9.42198911672638e-07,"c01101",1.96850535080079e-06
"192",1,1,1,1,1,1,0,1,0,TRUE,5.88874319795399e-08,9.42198911672638e-07,"c11101",1.65322137149815e-06
"193",0,0,0,0,0,0,1,1,0,TRUE,8.09268318291524e-12,1.29482930926644e-10,"c00011",2.48707181924621e-10
"194",1,0,0,0,0,0,1,1,0,TRUE,8.09268318291524e-12,1.29482930926644e-10,"c10011",2.14179568705826e-10
"195",0,1,0,0,0,0,1,1,0,TRUE,1.71758058027165e-12,2.74812892843464e-11,"c00011",5.27852896490056e-11
"196",1,1,0,0,0,0,1,1,0,TRUE,1.71758058027165e-12,2.74812892843464e-11,"c10011",4.54571938114061e-11
"197",0,0,1,0,0,0,1,1,0,TRUE,8.09268318291524e-12,1.29482930926644e-10,"c01011",2.48677880567741e-10
"198",1,0,1,0,0,0,1,1,0,TRUE,8.09268318291524e-12,1.29482930926644e-10,"c11011",2.14161642274948e-10
"199",0,1,1,0,0,0,1,1,0,TRUE,1.71758058027165e-12,2.74812892843464e-11,"c01011",5.27790707670335e-11
"200",1,1,1,0,0,0,1,1,0,TRUE,1.71758058027165e-12,2.74812892843464e-11,"c11011",4.54533891289721e-11
"201",0,0,0,1,0,0,1,1,0,TRUE,1.03573013170063e-15,1.657168210721e-14,"c00011",3.18304221810504e-14
"202",1,0,0,1,0,0,1,1,0,TRUE,1.03573013170063e-15,1.657168210721e-14,"c10011",2.74114564835044e-14
"203",0,1,0,1,0,0,1,1,0,TRUE,2.19822019520893e-16,3.51715231233429e-15,"c00011",6.75564751075872e-15
"204",1,1,0,1,0,0,1,1,0,TRUE,2.19822019520893e-16,3.51715231233429e-15,"c10011",5.81777196374421e-15
"205",0,0,1,1,0,0,1,1,0,TRUE,1.03573013170063e-15,1.657168210721e-14,"c01011",3.1826672090069e-14
"206",1,0,1,1,0,0,1,1,0,TRUE,1.03573013170063e-15,1.657168210721e-14,"c11011",2.7409162195665e-14
"207",0,1,1,1,0,0,1,1,0,TRUE,2.19822019520893e-16,3.51715231233429e-15,"c01011",6.75485159631372e-15
"208",1,1,1,1,0,0,1,1,0,TRUE,2.19822019520893e-16,3.51715231233429e-15,"c11011",5.81728502706951e-15
"209",0,0,0,0,1,0,1,1,0,TRUE,8.09268318291524e-12,1.29482930926644e-10,"c00111",2.48707181924621e-10
"210",1,0,0,0,1,0,1,1,0,TRUE,8.09268318291524e-12,1.29482930926644e-10,"c10111",2.14179568705826e-10
"211",0,1,0,0,1,0,1,1,0,TRUE,1.71758058027165e-12,2.74812892843464e-11,"c00111",5.27852896490056e-11
"212",1,1,0,0,1,0,1,1,0,TRUE,1.71758058027165e-12,2.74812892843464e-11,"c10111",4.54571938114061e-11
"213",0,0,1,0,1,0,1,1,0,TRUE,8.09268318291524e-12,1.29482930926644e-10,"c01111",2.48677880567741e-10
"214",1,0,1,0,1,0,1,1,0,TRUE,8.09268318291524e-12,1.29482930926644e-10,"c11111",2.14161642274948e-10
"215",0,1,1,0,1,0,1,1,0,TRUE,1.71758058027165e-12,2.74812892843464e-11,"c01111",5.27790707670335e-11
"216",1,1,1,0,1,0,1,1,0,TRUE,1.71758058027165e-12,2.74812892843464e-11,"c11111",4.54533891289721e-11
"217",0,0,0,1,1,0,1,1,0,TRUE,1.03573013170063e-15,1.657168210721e-14,"c00111",3.18304221810504e-14
"218",1,0,0,1,1,0,1,1,0,TRUE,1.03573013170063e-15,1.657168210721e-14,"c10111",2.74114564835044e-14
"219",0,1,0,1,1,0,1,1,0,TRUE,2.19822019520893e-16,3.51715231233429e-15,"c00111",6.75564751075872e-15
"220",1,1,0,1,1,0,1,1,0,TRUE,2.19822019520893e-16,3.51715231233429e-15,"c10111",5.81777196374421e-15
"221",0,0,1,1,1,0,1,1,0,TRUE,1.03573013170063e-15,1.657168210721e-14,"c01111",3.1826672090069e-14
"222",1,0,1,1,1,0,1,1,0,TRUE,1.03573013170063e-15,1.657168210721e-14,"c11111",2.7409162195665e-14
"223",0,1,1,1,1,0,1,1,0,TRUE,2.19822019520893e-16,3.51715231233429e-15,"c01111",6.75485159631372e-15
"224",1,1,1,1,1,0,1,1,0,TRUE,2.19822019520893e-16,3.51715231233429e-15,"c11111",5.81728502706951e-15
"225",0,0,0,0,0,1,1,1,0,TRUE,0.00216792353879996,0.0346867766207993,"c00011",0.0666253876219036
"226",1,0,0,0,0,1,1,1,0,TRUE,0.00216792353879996,0.0346867766207993,"c10011",0.0573758935117634
"227",0,1,0,0,0,1,1,1,0,TRUE,0.000460117279472598,0.00736187647156157,"c00011",0.0141404858371374
"228",1,1,0,0,0,1,1,1,0,TRUE,0.000460117279472598,0.00736187647156157,"c10011",0.0121773852063784
"229",0,0,1,0,0,1,1,1,0,TRUE,0.00216792353879996,0.0346867766207993,"c01011",0.0666175381732273
"230",1,0,1,0,0,1,1,1,0,TRUE,0.00216792353879996,0.0346867766207993,"c11011",0.0573710912563693
"231",0,1,1,0,0,1,1,1,0,TRUE,0.000460117279472598,0.00736187647156157,"c01011",0.0141388198803333
"232",1,1,1,0,0,1,1,1,0,TRUE,0.000460117279472598,0.00736187647156157,"c11011",0.0121763659819234
"233",0,0,0,1,0,1,1,1,0,TRUE,2.77458499437922e-07,4.43933599100675e-06,"c00011",8.52695205490318e-06
"234",1,0,0,1,0,1,1,1,0,TRUE,2.77458499437922e-07,4.43933599100675e-06,"c10011",7.34316918137066e-06
"235",0,1,0,1,0,1,1,1,0,TRUE,5.88874319795399e-08,9.42198911672638e-07,"c00011",1.80974924229436e-06
"236",1,1,0,1,0,1,1,1,0,TRUE,5.88874319795399e-08,9.42198911672638e-07,"c10011",1.55850470091282e-06
"237",0,0,1,1,0,1,1,1,0,TRUE,2.77458499437922e-07,4.43933599100675e-06,"c01011",8.52594745478136e-06
"238",1,0,1,1,0,1,1,1,0,TRUE,2.77458499437922e-07,4.43933599100675e-06,"c11011",7.3425545717907e-06
"239",0,1,1,1,0,1,1,1,0,TRUE,5.88874319795399e-08,9.42198911672638e-07,"c01011",1.80953602726775e-06
"240",1,1,1,1,0,1,1,1,0,TRUE,5.88874319795399e-08,9.42198911672638e-07,"c11011",1.55837425697289e-06
"241",0,0,0,0,1,1,1,1,0,TRUE,0.00216792353879996,0.0346867766207993,"c00111",0.0666253876219036
"242",1,0,0,0,1,1,1,1,0,TRUE,0.00216792353879996,0.0346867766207993,"c10111",0.0573758935117634
"243",0,1,0,0,1,1,1,1,0,TRUE,0.000460117279472598,0.00736187647156157,"c00111",0.0141404858371374
"244",1,1,0,0,1,1,1,1,0,TRUE,0.000460117279472598,0.00736187647156157,"c10111",0.0121773852063784
"245",0,0,1,0,1,1,1,1,0,TRUE,0.00216792353879996,0.0346867766207993,"c01111",0.0666175381732273
"246",1,0,1,0,1,1,1,1,0,TRUE,0.00216792353879996,0.0346867766207993,"c11111",0.0573710912563693
"247",0,1,1,0,1,1,1,1,0,TRUE,0.000460117279472598,0.00736187647156157,"c01111",0.0141388198803333
"248",1,1,1,0,1,1,1,1,0,TRUE,0.000460117279472598,0.00736187647156157,"c11111",0.0121763659819234
"249",0,0,0,1,1,1,1,1,0,TRUE,2.77458499437922e-07,4.43933599100675e-06,"c00111",8.52695205490318e-06
"250",1,0,0,1,1,1,1,1,0,TRUE,2.77458499437922e-07,4.43933599100675e-06,"c10111",7.34316918137066e-06
"251",0,1,0,1,1,1,1,1,0,TRUE,5.88874319795399e-08,9.42198911672638e-07,"c00111",1.80974924229436e-06
"252",1,1,0,1,1,1,1,1,0,TRUE,5.88874319795399e-08,9.42198911672638e-07,"c10111",1.55850470091282e-06
"253",0,0,1,1,1,1,1,1,0,TRUE,2.77458499437922e-07,4.43933599100675e-06,"c01111",8.52594745478136e-06
"254",1,0,1,1,1,1,1,1,0,TRUE,2.77458499437922e-07,4.43933599100675e-06,"c11111",7.3425545717907e-06
"255",0,1,1,1,1,1,1,1,0,TRUE,5.88874319795399e-08,9.42198911672638e-07,"c01111",1.80953602726775e-06
"256",1,1,1,1,1,1,1,1,0,TRUE,5.88874319795399e-08,9.42198911672638e-07,"c11111",1.55837425697289e-06
"257",0,0,0,0,0,0,0,0,1,TRUE,8.46662963525793e-11,1.35466074164127e-09,"c00001",2.83064296854033e-09
"258",1,0,0,0,0,0,0,0,1,TRUE,8.46662963525793e-11,1.35466074164127e-09,"c10001",2.3771736331585e-09
"259",0,1,0,0,0,0,0,0,1,TRUE,1.79694649020388e-11,2.8751143843262e-10,"c00001",6.00771991508504e-10
"260",1,1,0,0,0,0,0,0,1,TRUE,1.79694649020388e-11,2.8751143843262e-10,"c10001",5.04528248043441e-10
"261",0,0,1,0,0,0,0,0,1,TRUE,8.46662963525793e-11,1.35466074164127e-09,"c01001",2.83024835351022e-09
"262",1,0,1,0,0,0,0,0,1,TRUE,8.46662963525793e-11,1.35466074164127e-09,"c11001",2.37694404171525e-09
"263",0,1,1,0,0,0,0,0,1,TRUE,1.79694649020388e-11,2.8751143843262e-10,"c01001",6.0068823892644e-10
"264",1,1,1,0,0,0,0,0,1,TRUE,1.79694649020388e-11,2.8751143843262e-10,"c11001",5.04479519853371e-10
"265",0,0,0,1,0,0,0,0,1,TRUE,1.0835891173522e-14,1.73374258776352e-13,"c00001",3.6227566906278e-13
"266",1,0,0,1,0,0,0,0,1,TRUE,1.0835891173522e-14,1.73374258776352e-13,"c10001",3.04239064411215e-13
"267",0,1,0,1,0,0,0,0,1,TRUE,2.29979548549112e-15,3.67967277678579e-14,"c00001",7.68889180291623e-14
"268",1,1,0,1,0,0,0,0,1,TRUE,2.29979548549112e-15,3.67967277678579e-14,"c10001",6.45713043475994e-14
"269",0,0,1,1,0,0,0,0,1,TRUE,1.0835891173522e-14,1.73374258776352e-13,"c01001",3.6222516483966e-13
"270",1,0,1,1,0,0,0,0,1,TRUE,1.0835891173522e-14,1.73374258776352e-13,"c11001",3.0420968048868e-13
"271",0,1,1,1,0,0,0,0,1,TRUE,2.29979548549112e-15,3.67967277678579e-14,"c01001",7.68781990783655e-14
"272",1,1,1,1,0,0,0,0,1,TRUE,2.29979548549112e-15,3.67967277678579e-14,"c11001",6.45650679419997e-14
"273",0,0,0,0,1,0,0,0,1,TRUE,8.46662963525793e-11,1.35466074164127e-09,"c00101",2.83064296854033e-09
"274",1,0,0,0,1,0,0,0,1,TRUE,8.46662963525793e-11,1.35466074164127e-09,"c10101",2.3771736331585e-09
"275",0,1,0,0,1,0,0,0,1,TRUE,1.79694649020388e-11,2.8751143843262e-10,"c00101",6.00771991508504e-10
"276",1,1,0,0,1,0,0,0,1,TRUE,1.79694649020388e-11,2.8751143843262e-10,"c10101",5.04528248043441e-10
"277",0,0,1,0,1,0,0,0,1,TRUE,8.46662963525793e-11,1.35466074164127e-09,"c01101",2.83024835351022e-09
"278",1,0,1,0,1,0,0,0,1,TRUE,8.46662963525793e-11,1.35466074164127e-09,"c11101",2.37694404171525e-09
"279",0,1,1,0,1,0,0,0,1,TRUE,1.79694649020388e-11,2.8751143843262e-10,"c01101",6.0068823892644e-10
"280",1,1,1,0,1,0,0,0,1,TRUE,1.79694649020388e-11,2.8751143843262e-10,"c11101",5.04479519853371e-10
"281",0,0,0,1,1,0,0,0,1,TRUE,1.0835891173522e-14,1.73374258776352e-13,"c00101",3.6227566906278e-13
"282",1,0,0,1,1,0,0,0,1,TRUE,1.0835891173522e-14,1.73374258776352e-13,"c10101",3.04239064411215e-13
"283",0,1,0,1,1,0,0,0,1,TRUE,2.29979548549112e-15,3.67967277678579e-14,"c00101",7.68889180291623e-14
"284",1,1,0,1,1,0,0,0,1,TRUE,2.29979548549112e-15,3.67967277678579e-14,"c10101",6.45713043475994e-14
"285",0,0,1,1,1,0,0,0,1,TRUE,1.0835891173522e-14,1.73374258776352e-13,"c01101",3.6222516483966e-13
"286",1,0,1,1,1,0,0,0,1,TRUE,1.0835891173522e-14,1.73374258776352e-13,"c11101",3.0420968048868e-13
"287",0,1,1,1,1,0,0,0,1,TRUE,2.29979548549112e-15,3.67967277678579e-14,"c01101",7.68781990783655e-14
"288",1,1,1,1,1,0,0,0,1,TRUE,2.29979548549112e-15,3.67967277678579e-14,"c11101",6.45650679419997e-14
"289",0,0,0,0,0,1,0,0,1,TRUE,0.0226809888212687,0.362895821140299,"c00001",0.758292074795712
"290",1,0,0,0,0,1,0,0,1,TRUE,0.0226809888212687,0.362895821140299,"c10001",0.636813595522772
"291",0,1,0,0,0,1,0,0,1,TRUE,0.00481378364384903,0.0770205383015845,"c00001",0.160938926238039
"292",1,1,0,0,0,1,0,0,1,TRUE,0.00481378364384903,0.0770205383015845,"c10001",0.135156491388665
"293",0,0,1,0,0,1,0,0,1,TRUE,0.0226809888212687,0.362895821140299,"c01001",0.758186362611854
"294",1,0,1,0,0,1,0,0,1,TRUE,0.0226809888212687,0.362895821140299,"c11001",0.636752090990485
"295",0,1,1,0,0,1,0,0,1,TRUE,0.00481378364384903,0.0770205383015845,"c01001",0.160916490021275
"296",1,1,1,0,0,1,0,0,1,TRUE,0.00481378364384903,0.0770205383015845,"c11001",0.135143437746521
"297",0,0,0,1,0,1,0,0,1,TRUE,2.90279293134155e-06,4.64446869014649e-05,"c00001",9.70488937653906e-05
"298",1,0,0,1,0,1,0,0,1,TRUE,2.90279293134155e-06,4.64446869014649e-05,"c10001",8.15016496076339e-05
"299",0,1,0,1,0,1,0,0,1,TRUE,6.16085006014784e-07,9.85736009623654e-06,"c00001",2.05975313132467e-05
"300",1,1,0,1,0,1,0,0,1,TRUE,6.16085006014784e-07,9.85736009623654e-06,"c10001",1.72978043823222e-05
"301",0,0,1,1,0,1,0,0,1,TRUE,2.90279293134155e-06,4.64446869014649e-05,"c01001",9.70353643473181e-05
"302",1,0,1,1,0,1,0,0,1,TRUE,2.90279293134155e-06,4.64446869014649e-05,"c11001",8.14937780407029e-05
"303",0,1,1,1,0,1,0,0,1,TRUE,6.16085006014784e-07,9.85736009623654e-06,"c01001",2.05946598471064e-05
"304",1,1,1,1,0,1,0,0,1,TRUE,6.16085006014784e-07,9.85736009623654e-06,"c11001",1.72961337311684e-05
"305",0,0,0,0,1,1,0,0,1,TRUE,0.0226809888212687,0.362895821140299,"c00101",0.758292074795712
"306",1,0,0,0,1,1,0,0,1,TRUE,0.0226809888212687,0.362895821140299,"c10101",0.636813595522772
"307",0,1,0,0,1,1,0,0,1,TRUE,0.00481378364384903,0.0770205383015845,"c00101",0.160938926238039
"308",1,1,0,0,1,1,0,0,1,TRUE,0.00481378364384903,0.0770205383015845,"c10101",0.135156491388665
"309",0,0,1,0,1,1,0,0,1,TRUE,0.0226809888212687,0.362895821140299,"c01101",0.758186362611854
"310",1,0,1,0,1,1,0,0,1,TRUE,0.0226809888212687,0.362895821140299,"c11101",0.636752090990485
"311",0,1,1,0,1,1,0,0,1,TRUE,0.00481378364384903,0.0770205383015845,"c01101",0.160916490021275
"312",1,1,1,0,1,1,0,0,1,TRUE,0.00481378364384903,0.0770205383015845,"c11101",0.135143437746521
"313",0,0,0,1,1,1,0,0,1,TRUE,2.90279293134155e-06,4.64446869014649e-05,"c00101",9.70488937653906e-05
"314",1,0,0,1,1,1,0,0,1,TRUE,2.90279293134155e-06,4.64446869014649e-05,"c10101",8.15016496076339e-05
"315",0,1,0,1,1,1,0,0,1,TRUE,6.16085006014784e-07,9.85736009623654e-06,"c00101",2.05975313132467e-05
"316",1,1,0,1,1,1,0,0,1,TRUE,6.16085006014784e-07,9.85736009623654e-06,"c10101",1.72978043823222e-05
"317",0,0,1,1,1,1,0,0,1,TRUE,2.90279293134155e-06,4.64446869014649e-05,"c01101",9.70353643473181e-05
"318",1,0,1,1,1,1,0,0,1,TRUE,2.90279293134155e-06,4.64446869014649e-05,"c11101",8.14937780407029e-05
"319",0,1,1,1,1,1,0,0,1,TRUE,6.16085006014784e-07,9.85736009623654e-06,"c01101",2.05946598471064e-05
"320",1,1,1,1,1,1,0,0,1,TRUE,6.16085006014784e-07,9.85736009623654e-06,"c11101",1.72961337311684e-05
"321",0,0,0,0,0,0,1,0,1,TRUE,8.46662963525793e-11,1.35466074164127e-09,"c00011",2.6019943563711e-09
"322",1,0,0,0,0,0,1,0,1,TRUE,8.46662963525793e-11,1.35466074164127e-09,"c10011",2.24076371542605e-09
"323",0,1,0,0,0,0,1,0,1,TRUE,1.79694649020388e-11,2.8751143843262e-10,"c00011",5.52243906682817e-10
"324",1,1,0,0,0,0,1,0,1,TRUE,1.79694649020388e-11,2.8751143843262e-10,"c10011",4.75576784065668e-10
"325",0,0,1,0,0,0,1,0,1,TRUE,8.46662963525793e-11,1.35466074164127e-09,"c01011",2.60168780324045e-09
"326",1,0,1,0,0,0,1,0,1,TRUE,8.46662963525793e-11,1.35466074164127e-09,"c11011",2.24057616767768e-09
"327",0,1,1,0,0,0,1,0,1,TRUE,1.79694649020388e-11,2.8751143843262e-10,"c01011",5.52178844244052e-10
"328",1,1,1,0,0,0,1,0,1,TRUE,1.79694649020388e-11,2.8751143843262e-10,"c11011",4.75536979174854e-10
"329",0,0,0,1,0,0,1,0,1,TRUE,1.0835891173522e-14,1.73374258776352e-13,"c00011",3.3301241337335e-13
"330",1,0,0,1,0,0,1,0,1,TRUE,1.0835891173522e-14,1.73374258776352e-13,"c10011",2.86780842105347e-13
"331",0,1,0,1,0,0,1,0,1,TRUE,2.29979548549112e-15,3.67967277678579e-14,"c00011",7.06781226042533e-14
"332",1,1,0,1,0,0,1,0,1,TRUE,2.29979548549112e-15,3.67967277678579e-14,"c10011",6.08659938935921e-14
"333",0,0,1,1,0,0,1,0,1,TRUE,1.0835891173522e-14,1.73374258776352e-13,"c01011",3.32973179622663e-13
"334",1,0,1,1,0,0,1,0,1,TRUE,1.0835891173522e-14,1.73374258776352e-13,"c11011",2.86756839083143e-13
"335",0,1,1,1,0,0,1,0,1,TRUE,2.29979548549112e-15,3.67967277678579e-14,"c01011",7.06697956839046e-14
"336",1,1,1,1,0,0,1,0,1,TRUE,2.29979548549112e-15,3.67967277678579e-14,"c11011",6.08608995232982e-14
"337",0,0,0,0,1,0,1,0,1,TRUE,8.46662963525793e-11,1.35466074164127e-09,"c00111",2.6019943563711e-09
"338",1,0,0,0,1,0,1,0,1,TRUE,8.46662963525793e-11,1.35466074164127e-09,"c10111",2.24076371542605e-09
"339",0,1,0,0,1,0,1,0,1,TRUE,1.79694649020388e-11,2.8751143843262e-10,"c00111",5.52243906682817e-10
"340",1,1,0,0,1,0,1,0,1,TRUE,1.79694649020388e-11,2.8751143843262e-10,"c10111",4.75576784065668e-10
"341",0,0,1,0,1,0,1,0,1,TRUE,8.46662963525793e-11,1.35466074164127e-09,"c01111",2.60168780324045e-09
"342",1,0,1,0,1,0,1,0,1,TRUE,8.46662963525793e-11,1.35466074164127e-09,"c11111",2.24057616767768e-09
"343",0,1,1,0,1,0,1,0,1,TRUE,1.79694649020388e-11,2.8751143843262e-10,"c01111",5.52178844244052e-10
"344",1,1,1,0,1,0,1,0,1,TRUE,1.79694649020388e-11,2.8751143843262e-10,"c11111",4.75536979174854e-10
"345",0,0,0,1,1,0,1,0,1,TRUE,1.0835891173522e-14,1.73374258776352e-13,"c00111",3.3301241337335e-13
"346",1,0,0,1,1,0,1,0,1,TRUE,1.0835891173522e-14,1.73374258776352e-13,"c10111",2.86780842105347e-13
"347",0,1,0,1,1,0,1,0,1,TRUE,2.29979548549112e-15,3.67967277678579e-14,"c00111",7.06781226042533e-14
"348",1,1,0,1,1,0,1,0,1,TRUE,2.29979548549112e-15,3.67967277678579e-14,"c10111",6.08659938935921e-14
"349",0,0,1,1,1,0,1,0,1,TRUE,1.0835891173522e-14,1.73374258776352e-13,"c01111",3.32973179622663e-13
"350",1,0,1,1,1,0,1,0,1,TRUE,1.0835891173522e-14,1.73374258776352e-13,"c11111",2.86756839083143e-13
"351",0,1,1,1,1,0,1,0,1,TRUE,2.29979548549112e-15,3.67967277678579e-14,"c01111",7.06697956839046e-14
"352",1,1,1,1,1,0,1,0,1,TRUE,2.29979548549112e-15,3.67967277678579e-14,"c11111",6.08608995232982e-14
"353",0,0,0,0,0,1,1,0,1,TRUE,0.0226809888212687,0.362895821140299,"c00011",0.697040114570446
"354",1,0,0,0,0,1,1,0,1,TRUE,0.0226809888212687,0.362895821140299,"c10011",0.600271170112835
"355",0,1,0,0,0,1,1,0,1,TRUE,0.00481378364384903,0.0770205383015845,"c00011",0.147938889660728
"356",1,1,0,0,0,1,1,0,1,TRUE,0.00481378364384903,0.0770205383015845,"c10011",0.127400774425392
"357",0,0,1,0,0,1,1,0,1,TRUE,0.0226809888212687,0.362895821140299,"c01011",0.696957993012884
"358",1,0,1,0,0,1,1,0,1,TRUE,0.0226809888212687,0.362895821140299,"c11011",0.600220928534218
"359",0,1,1,0,0,1,1,0,1,TRUE,0.00481378364384903,0.0770205383015845,"c01011",0.147921460287885
"360",1,1,1,0,0,1,1,0,1,TRUE,0.00481378364384903,0.0770205383015845,"c11011",0.127390111217923
"361",0,0,0,1,0,1,1,0,1,TRUE,2.90279293134155e-06,4.64446869014649e-05,"c00011",8.92096518975058e-05
"362",1,0,0,1,0,1,1,0,1,TRUE,2.90279293134155e-06,4.64446869014649e-05,"c10011",7.68248211408534e-05
"363",0,1,0,1,0,1,1,0,1,TRUE,6.16085006014784e-07,9.85736009623654e-06,"c00011",1.89337407888929e-05
"364",1,1,0,1,0,1,1,0,1,TRUE,6.16085006014784e-07,9.85736009623654e-06,"c10011",1.63052003756854e-05
"365",0,0,1,1,0,1,1,0,1,TRUE,2.90279293134155e-06,4.64446869014649e-05,"c01011",8.91991416909764e-05
"366",1,0,1,1,0,1,1,0,1,TRUE,2.90279293134155e-06,4.64446869014649e-05,"c11011",7.68183910464506e-05
"367",0,1,1,1,0,1,1,0,1,TRUE,6.16085006014784e-07,9.85736009623654e-06,"c01011",1.89315101162938e-05
"368",1,1,1,1,0,1,1,0,1,TRUE,6.16085006014784e-07,9.85736009623654e-06,"c11011",1.6303835660791e-05
"369",0,0,0,0,1,1,1,0,1,TRUE,0.0226809888212687,0.362895821140299,"c00111",0.697040114570446
"370",1,0,0,0,1,1,1,0,1,TRUE,0.0226809888212687,0.362895821140299,"c10111",0.600271170112835
"371",0,1,0,0,1,1,1,0,1,TRUE,0.00481378364384903,0.0770205383015845,"c00111",0.147938889660728
"372",1,1,0,0,1,1,1,0,1,TRUE,0.00481378364384903,0.0770205383015845,"c10111",0.127400774425392
"373",0,0,1,0,1,1,1,0,1,TRUE,0.0226809888212687,0.362895821140299,"c01111",0.696957993012884
"374",1,0,1,0,1,1,1,0,1,TRUE,0.0226809888212687,0.362895821140299,"c11111",0.600220928534218
"375",0,1,1,0,1,1,1,0,1,TRUE,0.00481378364384903,0.0770205383015845,"c01111",0.147921460287885
"376",1,1,1,0,1,1,1,0,1,TRUE,0.00481378364384903,0.0770205383015845,"c11111",0.127390111217923
"377",0,0,0,1,1,1,1,0,1,TRUE,2.90279293134155e-06,4.64446869014649e-05,"c00111",8.92096518975058e-05
"378",1,0,0,1,1,1,1,0,1,TRUE,2.90279293134155e-06,4.64446869014649e-05,"c10111",7.68248211408534e-05
"379",0,1,0,1,1,1,1,0,1,TRUE,6.16085006014784e-07,9.85736009623654e-06,"c00111",1.89337407888929e-05
"380",1,1,0,1,1,1,1,0,1,TRUE,6.16085006014784e-07,9.85736009623654e-06,"c10111",1.63052003756854e-05
"381",0,0,1,1,1,1,1,0,1,TRUE,2.90279293134155e-06,4.64446869014649e-05,"c01111",8.91991416909764e-05
"382",1,0,1,1,1,1,1,0,1,TRUE,2.90279293134155e-06,4.64446869014649e-05,"c11111",7.68183910464506e-05
"383",0,1,1,1,1,1,1,0,1,TRUE,6.16085006014784e-07,9.85736009623654e-06,"c01111",1.89315101162938e-05
"384",1,1,1,1,1,1,1,0,1,TRUE,6.16085006014784e-07,9.85736009623654e-06,"c11111",1.6303835660791e-05
"385",0,0,0,0,0,0,0,1,1,TRUE,7.42748794846126e-12,1.1883980717538e-10,"c00001",2.48322738102024e-10
"386",1,0,0,0,0,0,0,1,1,TRUE,7.42748794846126e-12,1.1883980717538e-10,"c10001",2.08541406348486e-10
"387",0,1,0,0,0,0,0,1,1,TRUE,1.57640040665514e-12,2.52224065064822e-11,"c00001",5.27036957908287e-11
"388",1,1,0,0,0,0,0,1,1,TRUE,1.57640040665514e-12,2.52224065064822e-11,"c10001",4.42605575469556e-11
"389",0,0,1,0,0,0,0,1,1,TRUE,7.42748794846126e-12,1.1883980717538e-10,"c01001",2.48288119859504e-10
"390",1,0,1,0,0,0,0,1,1,TRUE,7.42748794846126e-12,1.1883980717538e-10,"c11001",2.08521265067348e-10
"391",0,1,1,0,0,0,0,1,1,TRUE,1.57640040665514e-12,2.52224065064822e-11,"c01001",5.26963484599457e-11
"392",1,1,1,0,0,0,0,1,1,TRUE,1.57640040665514e-12,2.52224065064822e-11,"c11001",4.42562827875757e-11
"393",0,0,0,1,0,0,0,1,1,TRUE,9.50596099857869e-16,1.52095375977259e-14,"c00001",3.17812197049359e-14
"394",1,0,0,1,0,0,0,1,1,TRUE,9.50596099857869e-16,1.52095375977259e-14,"c10001",2.66898645826568e-14
"395",0,1,0,1,0,0,0,1,1,TRUE,2.01753283045202e-16,3.22805252872324e-15,"c00001",6.74520484105752e-15
"396",1,1,0,1,0,0,0,1,1,TRUE,2.01753283045202e-16,3.22805252872324e-15,"c10001",5.66462223481455e-15
"397",0,0,1,1,0,0,0,1,1,TRUE,9.50596099857869e-16,1.52095375977259e-14,"c01001",3.17767891401808e-14
"398",1,0,1,1,0,0,0,1,1,TRUE,9.50596099857869e-16,1.52095375977259e-14,"c11001",2.66872868304707e-14
"399",0,1,1,1,0,0,0,1,1,TRUE,2.01753283045202e-16,3.22805252872324e-15,"c01001",6.74426450374157e-15
"400",1,1,1,1,0,0,0,1,1,TRUE,2.01753283045202e-16,3.22805252872324e-15,"c11001",5.66407513603464e-15
"401",0,0,0,0,1,0,0,1,1,TRUE,7.42748794846126e-12,1.1883980717538e-10,"c00101",2.48322738102024e-10
"402",1,0,0,0,1,0,0,1,1,TRUE,7.42748794846126e-12,1.1883980717538e-10,"c10101",2.08541406348486e-10
"403",0,1,0,0,1,0,0,1,1,TRUE,1.57640040665514e-12,2.52224065064822e-11,"c00101",5.27036957908287e-11
"404",1,1,0,0,1,0,0,1,1,TRUE,1.57640040665514e-12,2.52224065064822e-11,"c10101",4.42605575469556e-11
"405",0,0,1,0,1,0,0,1,1,TRUE,7.42748794846126e-12,1.1883980717538e-10,"c01101",2.48288119859504e-10
"406",1,0,1,0,1,0,0,1,1,TRUE,7.42748794846126e-12,1.1883980717538e-10,"c11101",2.08521265067348e-10
"407",0,1,1,0,1,0,0,1,1,TRUE,1.57640040665514e-12,2.52224065064822e-11,"c01101",5.26963484599457e-11
"408",1,1,1,0,1,0,0,1,1,TRUE,1.57640040665514e-12,2.52224065064822e-11,"c11101",4.42562827875757e-11
"409",0,0,0,1,1,0,0,1,1,TRUE,9.50596099857869e-16,1.52095375977259e-14,"c00101",3.17812197049359e-14
"410",1,0,0,1,1,0,0,1,1,TRUE,9.50596099857869e-16,1.52095375977259e-14,"c10101",2.66898645826568e-14
"411",0,1,0,1,1,0,0,1,1,TRUE,2.01753283045202e-16,3.22805252872324e-15,"c00101",6.74520484105752e-15
"412",1,1,0,1,1,0,0,1,1,TRUE,2.01753283045202e-16,3.22805252872324e-15,"c10101",5.66462223481455e-15
"413",0,0,1,1,1,0,0,1,1,TRUE,9.50596099857869e-16,1.52095375977259e-14,"c01101",3.17767891401808e-14
"414",1,0,1,1,1,0,0,1,1,TRUE,9.50596099857869e-16,1.52095375977259e-14,"c11101",2.66872868304707e-14
"415",0,1,1,1,1,0,0,1,1,TRUE,2.01753283045202e-16,3.22805252872324e-15,"c01101",6.74426450374157e-15
"416",1,1,1,1,1,0,0,1,1,TRUE,2.01753283045202e-16,3.22805252872324e-15,"c11101",5.66407513603464e-15
"417",0,0,0,0,0,1,0,1,1,TRUE,0.00198972647188465,0.0318356235501544,"c00001",0.0665224001709537
"418",1,0,0,0,0,1,0,1,1,TRUE,0.00198972647188465,0.0318356235501544,"c10001",0.0558655038654892
"419",0,1,0,0,0,1,0,1,1,TRUE,0.000422296965161857,0.00675675144258971,"c00001",0.0141186279141513
"420",1,1,0,0,0,1,0,1,1,TRUE,0.000422296965161857,0.00675675144258971,"c10001",0.0118568220672503
"421",0,0,1,0,0,1,0,1,1,TRUE,0.00198972647188465,0.0318356235501544,"c01001",0.066513126398444
"422",1,0,1,0,0,1,0,1,1,TRUE,0.00198972647188465,0.0318356235501544,"c11001",0.0558601082807994
"423",0,1,1,0,0,1,0,1,1,TRUE,0.000422296965161857,0.00675675144258971,"c01001",0.0141166596607045
"424",1,1,1,0,0,1,0,1,1,TRUE,0.000422296965161857,0.00675675144258971,"c11001",0.0118556769153554
"425",0,0,0,1,0,1,0,1,1,TRUE,2.54652210421876e-07,4.07443536675002e-06,"c00001",8.51377135775676e-06
"426",1,0,0,1,0,1,0,1,1,TRUE,2.54652210421876e-07,4.07443536675002e-06,"c10001",7.14986418821864e-06
"427",0,1,0,1,0,1,0,1,1,TRUE,5.40470547849007e-08,8.64752876558411e-07,"c00001",1.80695178823105e-06
"428",1,1,0,1,0,1,0,1,1,TRUE,5.40470547849007e-08,8.64752876558411e-07,"c10001",1.5174778999368e-06
"429",0,0,1,1,0,1,0,1,1,TRUE,2.54652210421876e-07,4.07443536675002e-06,"c01001",8.51258446764804e-06
"430",1,0,1,1,0,1,0,1,1,TRUE,2.54652210421876e-07,4.07443536675002e-06,"c11001",7.14917364226311e-06
"431",0,1,1,1,0,1,0,1,1,TRUE,5.40470547849007e-08,8.64752876558411e-07,"c01001",1.8066998842141e-06
"432",1,1,1,1,0,1,0,1,1,TRUE,5.40470547849007e-08,8.64752876558411e-07,"c11001",1.51733133935903e-06
"433",0,0,0,0,1,1,0,1,1,TRUE,0.00198972647188465,0.0318356235501544,"c00101",0.0665224001709537
"434",1,0,0,0,1,1,0,1,1,TRUE,0.00198972647188465,0.0318356235501544,"c10101",0.0558655038654892
"435",0,1,0,0,1,1,0,1,1,TRUE,0.000422296965161857,0.00675675144258971,"c00101",0.0141186279141513
"436",1,1,0,0,1,1,0,1,1,TRUE,0.000422296965161857,0.00675675144258971,"c10101",0.0118568220672503
"437",0,0,1,0,1,1,0,1,1,TRUE,0.00198972647188465,0.0318356235501544,"c01101",0.066513126398444
"438",1,0,1,0,1,1,0,1,1,TRUE,0.00198972647188465,0.0318356235501544,"c11101",0.0558601082807994
"439",0,1,1,0,1,1,0,1,1,TRUE,0.000422296965161857,0.00675675144258971,"c01101",0.0141166596607045
"440",1,1,1,0,1,1,0,1,1,TRUE,0.000422296965161857,0.00675675144258971,"c11101",0.0118556769153554
"441",0,0,0,1,1,1,0,1,1,TRUE,2.54652210421876e-07,4.07443536675002e-06,"c00101",8.51377135775676e-06
"442",1,0,0,1,1,1,0,1,1,TRUE,2.54652210421876e-07,4.07443536675002e-06,"c10101",7.14986418821864e-06
"443",0,1,0,1,1,1,0,1,1,TRUE,5.40470547849007e-08,8.64752876558411e-07,"c00101",1.80695178823105e-06
"444",1,1,0,1,1,1,0,1,1,TRUE,5.40470547849007e-08,8.64752876558411e-07,"c10101",1.5174778999368e-06
"445",0,0,1,1,1,1,0,1,1,TRUE,2.54652210421876e-07,4.07443536675002e-06,"c01101",8.51258446764804e-06
"446",1,0,1,1,1,1,0,1,1,TRUE,2.54652210421876e-07,4.07443536675002e-06,"c11101",7.14917364226311e-06
"447",0,1,1,1,1,1,0,1,1,TRUE,5.40470547849007e-08,8.64752876558411e-07,"c01101",1.8066998842141e-06
"448",1,1,1,1,1,1,0,1,1,TRUE,5.40470547849007e-08,8.64752876558411e-07,"c11101",1.51733133935903e-06
"449",0,0,0,0,0,0,1,1,1,TRUE,7.42748794846126e-12,1.1883980717538e-10,"c00011",2.28264168346627e-10
"450",1,0,0,0,0,0,1,1,1,TRUE,7.42748794846126e-12,1.1883980717538e-10,"c10011",1.96574625425543e-10
"451",0,1,0,0,0,0,1,1,1,TRUE,1.57640040665514e-12,2.52224065064822e-11,"c00011",4.84464909675104e-11
"452",1,1,0,0,0,0,1,1,1,TRUE,1.57640040665514e-12,2.52224065064822e-11,"c10011",4.17207434881271e-11
"453",0,0,1,0,0,0,1,1,1,TRUE,7.42748794846126e-12,1.1883980717538e-10,"c01011",2.28237275476836e-10
"454",1,0,1,0,0,0,1,1,1,TRUE,7.42748794846126e-12,1.1883980717538e-10,"c11011",1.96558172495619e-10
"455",0,1,1,0,0,0,1,1,1,TRUE,1.57640040665514e-12,2.52224065064822e-11,"c01011",4.84407832597135e-11
"456",1,1,1,0,0,0,1,1,1,TRUE,1.57640040665514e-12,2.52224065064822e-11,"c11011",4.1717251539624e-11
"457",0,0,0,1,0,0,1,1,1,TRUE,9.50596099857869e-16,1.52095375977259e-14,"c00011",2.92140532133151e-14
"458",1,0,0,1,0,0,1,1,1,TRUE,9.50596099857869e-16,1.52095375977259e-14,"c10011",2.51583137606107e-14
"459",0,1,0,1,0,0,1,1,1,TRUE,2.01753283045202e-16,3.22805252872324e-15,"c00011",6.20035275520784e-15
"460",1,1,0,1,0,0,1,1,1,TRUE,2.01753283045202e-16,3.22805252872324e-15,"c10011",5.33956787519264e-15
"461",0,0,1,1,0,0,1,1,1,TRUE,9.50596099857869e-16,1.52095375977259e-14,"c01011",2.92106113690045e-14
"462",1,0,1,1,0,0,1,1,1,TRUE,9.50596099857869e-16,1.52095375977259e-14,"c11011",2.51562080566195e-14
"463",0,1,1,1,0,0,1,1,1,TRUE,2.01753283045202e-16,3.22805252872324e-15,"c01011",6.1996222626364e-15
"464",1,1,1,1,0,0,1,1,1,TRUE,2.01753283045202e-16,3.22805252872324e-15,"c11011",5.33912096330924e-15
"465",0,0,0,0,1,0,1,1,1,TRUE,7.42748794846126e-12,1.1883980717538e-10,"c00111",2.28264168346627e-10
"466",1,0,0,0,1,0,1,1,1,TRUE,7.42748794846126e-12,1.1883980717538e-10,"c10111",1.96574625425543e-10
"467",0,1,0,0,1,0,1,1,1,TRUE,1.57640040665514e-12,2.52224065064822e-11,"c00111",4.84464909675104e-11
"468",1,1,0,0,1,0,1,1,1,TRUE,1.57640040665514e-12,2.52224065064822e-11,"c10111",4.17207434881271e-11
"469",0,0,1,0,1,0,1,1,1,TRUE,7.42748794846126e-12,1.1883980717538e-10,"c01111",2.28237275476836e-10
"470",1,0,1,0,1,0,1,1,1,TRUE,7.42748794846126e-12,1.1883980717538e-10,"c11111",1.96558172495619e-10
"471",0,1,1,0,1,0,1,1,1,TRUE,1.57640040665514e-12,2.52224065064822e-11,"c01111",4.84407832597135e-11
"472",1,1,1,0,1,0,1,1,1,TRUE,1.57640040665514e-12,2.52224065064822e-11,"c11111",4.1717251539624e-11
"473",0,0,0,1,1,0,1,1,1,TRUE,9.50596099857869e-16,1.52095375977259e-14,"c00111",2.92140532133151e-14
"474",1,0,0,1,1,0,1,1,1,TRUE,9.50596099857869e-16,1.52095375977259e-14,"c10111",2.51583137606107e-14
"475",0,1,0,1,1,0,1,1,1,TRUE,2.01753283045202e-16,3.22805252872324e-15,"c00111",6.20035275520784e-15
"476",1,1,0,1,1,0,1,1,1,TRUE,2.01753283045202e-16,3.22805252872324e-15,"c10111",5.33956787519264e-15
"477",0,0,1,1,1,0,1,1,1,TRUE,9.50596099857869e-16,1.52095375977259e-14,"c01111",2.92106113690045e-14
"478",1,0,1,1,1,0,1,1,1,TRUE,9.50596099857869e-16,1.52095375977259e-14,"c11111",2.51562080566195e-14
"479",0,1,1,1,1,0,1,1,1,TRUE,2.01753283045202e-16,3.22805252872324e-15,"c01111",6.1996222626364e-15
"480",1,1,1,1,1,0,1,1,1,TRUE,2.01753283045202e-16,3.22805252872324e-15,"c11111",5.33912096330924e-15
"481",0,0,0,0,0,1,1,1,1,TRUE,0.00198972647188465,0.0318356235501544,"c00011",0.0611489727743161
"482",1,0,0,0,0,1,1,1,1,TRUE,0.00198972647188465,0.0318356235501544,"c10011",0.0526597604229088
"483",0,1,0,0,0,1,1,1,1,TRUE,0.000422296965161857,0.00675675144258971,"c00011",0.012978178654325
"484",1,1,0,0,0,1,1,1,1,TRUE,0.000422296965161857,0.00675675144258971,"c10011",0.0111764392377416
"485",0,0,1,0,0,1,1,1,1,TRUE,0.00198972647188465,0.0318356235501544,"c01011",0.0611417685276987
"486",1,0,1,0,0,1,1,1,1,TRUE,0.00198972647188465,0.0318356235501544,"c11011",0.0526553528990679
"487",0,1,1,0,0,1,1,1,1,TRUE,0.000422296965161857,0.00675675144258971,"c01011",0.0129766496343688
"488",1,1,1,0,0,1,1,1,1,TRUE,0.000422296965161857,0.00675675144258971,"c11011",0.0111755037905995
"489",0,0,0,1,0,1,1,1,1,TRUE,2.54652210421876e-07,4.07443536675002e-06,"c00011",7.82606117073837e-06
"490",1,0,0,1,0,1,1,1,1,TRUE,2.54652210421876e-07,4.07443536675002e-06,"c10011",6.73958183773793e-06
"491",0,1,0,1,0,1,1,1,1,TRUE,5.40470547849007e-08,8.64752876558411e-07,"c00011",1.66099307029045e-06
"492",1,1,0,1,0,1,1,1,1,TRUE,5.40470547849007e-08,8.64752876558411e-07,"c10011",1.43040010612157e-06
"493",0,0,1,1,0,1,1,1,1,TRUE,2.54652210421876e-07,4.07443536675002e-06,"c01011",7.8251391458513e-06
"494",1,0,1,1,0,1,1,1,1,TRUE,2.54652210421876e-07,4.07443536675002e-06,"c11011",6.73901774729413e-06
"495",0,1,1,1,0,1,1,1,1,TRUE,5.40470547849007e-08,8.64752876558411e-07,"c01011",1.66079738092454e-06
"496",1,1,1,1,0,1,1,1,1,TRUE,5.40470547849007e-08,8.64752876558411e-07,"c11011",1.43028038429756e-06
"497",0,0,0,0,1,1,1,1,1,TRUE,0.00198972647188465,0.0318356235501544,"c00111",0.0611489727743161
"498",1,0,0,0,1,1,1,1,1,TRUE,0.00198972647188465,0.0318356235501544,"c10111",0.0526597604229088
"499",0,1,0,0,1,1,1,1,1,TRUE,0.000422296965161857,0.00675675144258971,"c00111",0.012978178654325
"500",1,1,0,0,1,1,1,1,1,TRUE,0.000422296965161857,0.00675675144258971,"c10111",0.0111764392377416
"501",0,0,1,0,1,1,1,1,1,TRUE,0.00198972647188465,0.0318356235501544,"c01111",0.0611417685276987
"502",1,0,1,0,1,1,1,1,1,TRUE,0.00198972647188465,0.0318356235501544,"c11111",0.0526553528990679
"503",0,1,1,0,1,1,1,1,1,TRUE,0.000422296965161857,0.00675675144258971,"c01111",0.0129766496343688
"504",1,1,1,0,1,1,1,1,1,TRUE,0.000422296965161857,0.00675675144258971,"c11111",0.0111755037905995
"505",0,0,0,1,1,1,1,1,1,TRUE,2.54652210421876e-07,4.07443536675002e-06,"c00111",7.82606117073837e-06
"506",1,0,0,1,1,1,1,1,1,TRUE,2.54652210421876e-07,4.07443536675002e-06,"c10111",6.73958183773793e-06
"507",0,1,0,1,1,1,1,1,1,TRUE,5.40470547849007e-08,8.64752876558411e-07,"c00111",1.66099307029045e-06
"508",1,1,0,1,1,1,1,1,1,TRUE,5.40470547849007e-08,8.64752876558411e-07,"c10111",1.43040010612157e-06
"509",0,0,1,1,1,1,1,1,1,TRUE,2.54652210421876e-07,4.07443536675002e-06,"c01111",7.8251391458513e-06
"510",1,0,1,1,1,1,1,1,1,TRUE,2.54652210421876e-07,4.07443536675002e-06,"c11111",6.73901774729413e-06
"511",0,1,1,1,1,1,1,1,1,TRUE,5.40470547849007e-08,8.64752876558411e-07,"c01111",1.66079738092454e-06
"512",1,1,1,1,1,1,1,1,1,TRUE,5.40470547849007e-08,8.64752876558411e-07,"c11111",1.43028038429756e-06
