"","condObs","node3","condition.x","sem.x","postces.x","postces_norm.x","cat.x","present_causes.x","condition.y","sem.y","postces.y","postces_norm.y","cat.y","present_causes.y","newProb","postces_norm","count","count_norm"
"1","0000","br_f=0",NA,NA,0,0,NA,NA,"c00000",FALSE,0.766559082907396,0.766559082907396,"Pizza","br",0.766559082907396,0.448212611769326,2,0.0689655172413793
"2","0000","br_p=1","c00001",TRUE,0.786517041331024,0.786517041331024,"Long","br",NA,NA,0,0,NA,NA,0.786517041331024,0.54721801281144,1,0.0344827586206897
"3","0000","C=0","c00001",TRUE,0.0357923286466357,0.0357923286466357,"Long","C","c00000",FALSE,0.0325899566997978,0.0325899566997978,"Pizza","C",0.0683822853464336,0.00041623708053214,1,0.0344827586206897
"4","0000","Cu_f=0",NA,NA,0,0,NA,NA,"c00000",FALSE,0.0239337436385553,0.0239337436385553,"Pizza","Cu",0.0239337436385553,0.00026687211829682,NA,NA
"5","0000","Cu_f=1",NA,NA,0,0,NA,NA,"c00000",FALSE,3.00357945869898e-06,3.00357945869898e-06,"Pizza","Cu",3.00357945869898e-06,0.000210074490688132,NA,NA
"6","0000","Cu_p=0","c00001",TRUE,0.0445402845005414,0.0445402845005414,"Long","Cu",NA,NA,0,0,NA,NA,0.0445402845005414,0.000327941419908407,NA,NA
"7","0000","Cu_p=1","c00001",TRUE,2.62289038249973e-11,2.62289038249973e-11,"Long","Cu",NA,NA,0,0,NA,NA,2.62289038249973e-11,0.000210068181083738,5,0.172413793103448
"8","0000","K=0","c00001",TRUE,0.0152668753554202,0.0152668753554202,"Long","K","c00000",FALSE,0.0217131507325573,0.0217131507325573,"Pizza","K",0.0369800260879775,0.000304062237924832,6,0.206896551724138
"9","0000","Ku=0","c00001",TRUE,0.00950094566454691,0.00950094566454691,"Long","Ku","c00000",FALSE,8.03609019665116e-11,8.03609019665116e-11,"Pizza","Ku",0.00950094574490782,0.00023100552016099,4,0.137931034482759
"10","0000","Ku=1","c00001",TRUE,0.0147218204164554,0.0147218204164554,"Long","Ku","c00000",FALSE,0.0217827373488816,0.0217827373488816,"Pizza","Ku",0.0365045577653371,0.000302619949831043,NA,NA
"11","0000","P=0","c00001",TRUE,0.0235731718992556,0.0235731718992556,"Long","P","c00000",FALSE,0.0570641521048988,0.0570641521048988,"Pizza","P",0.0806373240041544,0.000470504437120162,5,0.172413793103448
"12","0000","Pu=0","c00001",TRUE,1.53762725166192e-09,1.53762725166192e-09,"Long","Pu","c00000",FALSE,0.0312046824892564,0.0312046824892564,"Pizza","Pu",0.0312046840268836,0.000286999074167398,5,0.172413793103448
"13","0000","Pu=1","c00001",TRUE,0.0235739049149872,0.0235739049149872,"Long","Pu","c00000",FALSE,0.00160663827380148,0.00160663827380148,"Pizza","Pu",0.0251805431887886,0.000270220307900756,NA,NA
"14","0000","S=0","c00001",TRUE,0.0234346637421543,0.0234346637421543,"Long","S","c00000",FALSE,0.0217214780061836,0.0217214780061836,"Pizza","S",0.0451561417483379,0.000329967302781553,NA,NA
"15","0000","Su_f=0",NA,NA,0,0,NA,NA,"c00000",FALSE,0.0180049180996142,0.0180049180996142,"Pizza","Su",0.0180049180996142,0.000251509642957516,NA,NA
"16","0000","Su_f=1",NA,NA,0,0,NA,NA,"c00000",FALSE,0.00381645603923825,0.00381645603923825,"Pizza","Su",0.00381645603923825,0.000218240291421588,NA,NA
"17","0000","Su_p=0","c00001",TRUE,0.019586283222236,0.019586283222236,"Long","Su",NA,NA,0,0,NA,NA,0.019586283222236,0.00025551854286141,NA,NA
"18","0000","Su_p=1","c00001",TRUE,0.0034926787428876,0.0034926787428876,"Long","Su",NA,NA,0,0,NA,NA,0.0034926787428876,0.000217534821598332,NA,NA
"19","0001","br_f=0",NA,NA,0,0,NA,NA,"c00010",FALSE,0.665705951943364,0.665705951943364,"Pizza","br",0.665705951943364,0.334661086444091,NA,NA
"20","0001","br_p=1","c00011",TRUE,0.732963982684032,0.732963982684032,"Long","br",NA,NA,0,0,NA,NA,0.732963982684032,0.655696903536071,NA,NA
"21","0001","C=0","c00011",TRUE,0.0385561077391034,0.0385561077391034,"Long","C","c00010",FALSE,0.0365917721730971,0.0365917721730971,"Pizza","C",0.0751478799122005,0.000911683505264698,NA,NA
"22","0001","Cu_f=0",NA,NA,0,0,NA,NA,"c00010",FALSE,0.0280445593439812,0.0280445593439812,"Pizza","Cu",0.0280445593439812,0.000569215837780774,1,0.0344827586206897
"23","0001","Cu_f=1",NA,NA,0,0,NA,NA,"c00010",FALSE,3.50069688936856e-06,3.50069688936856e-06,"Pizza","Cu",3.50069688936856e-06,0.000430027475857852,NA,NA
"24","0001","Cu_p=0","c00011",TRUE,0.0491175954720633,0.0491175954720633,"Long","Cu",NA,NA,0,0,NA,NA,0.0491175954720633,0.000702742158727763,NA,NA
"25","0001","Cu_p=1","c00011",TRUE,2.75314047502402e-11,2.75314047502402e-11,"Long","Cu",NA,NA,0,0,NA,NA,2.75314047502402e-11,0.000430012422281263,NA,NA
"26","0001","K=0","c00011",TRUE,0.0173994189724704,0.0173994189724704,"Long","K","c00010",FALSE,0.0256149809520654,0.0256149809520654,"Pizza","K",0.0430143999245358,0.00066113502727986,8,0.275862068965517
"27","0001","Ku=0","c00011",TRUE,0.0105390046028645,0.0105390046028645,"Long","Ku","c00010",FALSE,9.97372439772222e-11,9.97372439772222e-11,"Pizza","Ku",0.0105390047026018,0.000477805690228388,3,0.103448275862069
"28","0001","Ku=1","c00011",TRUE,0.0154898724852128,0.0154898724852128,"Long","Ku","c00010",FALSE,0.0263369008547155,0.0263369008547155,"Pizza","Ku",0.0418267733399282,0.000653329653028203,NA,NA
"29","0001","P=0","c00011",TRUE,0.0264311988942379,0.0264311988942379,"Long","P","c00010",FALSE,0.0599040978580857,0.0599040978580857,"Pizza","P",0.0863352967523236,0.0010196014193275,10,0.344827586206897
"30","0001","Pu=0","c00011",TRUE,1.70967832226722e-09,1.70967832226722e-09,"Long","Pu","c00010",FALSE,0.0372180934122664,0.0372180934122664,"Pizza","Pu",0.0372180951219447,0.000623903087766051,7,0.241379310344828
"31","0001","Pu=1","c00011",TRUE,0.0262517239786695,0.0262517239786695,"Long","Pu","c00010",FALSE,0.00175089270852911,0.00175089270852911,"Pizza","Pu",0.0280026166871987,0.000568977143596422,NA,NA
"32","0001","S=1","c00011",TRUE,0.0225941560301799,0.0225941560301799,"Long","S","c00010",FALSE,0.0218263770673496,0.0218263770673496,"Pizza","S",0.0444205330975295,0.000670497133802859,NA,NA
"33","0001","Su_f=0",NA,NA,0,0,NA,NA,"c00010",FALSE,0.0970028728899191,0.0970028728899191,"Pizza","Su",0.0970028728899191,0.00113438147556094,NA,NA
"34","0001","Su_p=0","c00011",TRUE,0.060656937403956,0.060656937403956,"Long","Su",NA,NA,0,0,NA,NA,0.060656937403956,0.000788697989335599,NA,NA
"35","0010","br_f=0",NA,NA,0,0,NA,NA,"c00100",FALSE,0.347607550634804,0.347607550634804,"Pizza","br",0.347607550634804,0.0781442449703648,1,0.0454545454545455
"36","0010","br_p=1","c00101",TRUE,0.573471662006349,0.573471662006349,"Long","br",NA,NA,0,0,NA,NA,0.573471662006349,0.747846338499252,1,0.0454545454545455
"37","0010","C=1","c00101",TRUE,0.0287465667971058,0.0287465667971058,"Long","C","c00100",FALSE,0.0148192256258573,0.0148192256258573,"Pizza","C",0.043565792422963,0.00373646071776541,14,0.636363636363636
"38","0010","Cu_f=0",NA,NA,0,0,NA,NA,"c00100",FALSE,0.377041835388914,0.377041835388914,"Pizza","Cu",0.377041835388914,0.104888644715541,NA,NA
"39","0010","Cu_p=0","c00101",TRUE,0.232940308981664,0.232940308981664,"Long","Cu",NA,NA,0,0,NA,NA,0.232940308981664,0.0248258139476136,NA,NA
"40","0010","K=0","c00101",TRUE,0.0203920516982367,0.0203920516982366,"Long","K","c00100",FALSE,0.037438063639342,0.037438063639342,"Pizza","K",0.0578301153375786,0.00430932836578976,3,0.136363636363636
"41","0010","Ku=0","c00101",TRUE,0.0122680658398366,0.0122680658398366,"Long","Ku","c00100",FALSE,1.41270926130662e-10,1.41270926130662e-10,"Pizza","Ku",0.0122680659811075,0.00273234869401311,1,0.0454545454545455
"42","0010","Ku=1","c00101",TRUE,0.0169614448327472,0.0169614448327472,"Long","Ku","c00100",FALSE,0.0373540318621626,0.0373540318621626,"Pizza","Ku",0.0543154766949097,0.00416050172487838,1,0.0454545454545455
"43","0010","P=0","c00101",TRUE,0.0289245550515814,0.0289245550515814,"Long","P","c00100",FALSE,0.0634742412952126,0.0634742412952126,"Pizza","P",0.092398796346794,0.00608890870121418,1,0.0454545454545455
"44","0010","Pu=0","c00101",TRUE,1.89714573379283e-09,1.89714573379283e-09,"Long","Pu","c00100",FALSE,0.0455401455747608,0.0455401455747608,"Pizza","Pu",0.0455401474719066,0.00381096478584016,NA,NA
"45","0010","Pu=1","c00101",TRUE,0.0289683962995739,0.0289683962995739,"Long","Pu","c00100",FALSE,0.00244045527982389,0.00244045527982389,"Pizza","Pu",0.0314088515793977,0.00330874651995243,NA,NA
"46","0010","S=0","c00101",TRUE,0.0287465667971058,0.0287465667971058,"Long","S","c00100",FALSE,0.0377809382923391,0.0377809382923391,"Pizza","S",0.0665275050894448,0.00470090929905712,NA,NA
"47","0010","Su_f=0",NA,NA,0,0,NA,NA,"c00100",FALSE,0.0299973967662408,0.0299973967662408,"Pizza","Su",0.0299973967662408,0.00326237309776649,NA,NA
"48","0010","Su_f=1",NA,NA,0,0,NA,NA,"c00100",FALSE,0.00650611549927237,0.00650611549927237,"Pizza","Su",0.00650611549927237,0.00257936194958609,NA,NA
"49","0010","Su_p=0","c00101",TRUE,0.0244366319782054,0.0244366319782054,"Long","Su",NA,NA,0,0,NA,NA,0.0244366319782054,0.0030859119664234,NA,NA
"50","0010","Su_p=1","c00101",TRUE,0.00414374782044915,0.00414374782044914,"Long","Su",NA,NA,0,0,NA,NA,0.00414374782044915,0.00251914204494244,NA,NA
"51","0011","br_f=0",NA,NA,0,0,NA,NA,"c00110",FALSE,0.321358041285284,0.321358041285284,"Pizza","br",0.321358041285284,0.0798156054938611,1,0.0476190476190476
"52","0011","br_p=1","c00111",TRUE,0.54254730011331,0.54254730011331,"Long","br",NA,NA,0,0,NA,NA,0.54254730011331,0.728954729904719,1,0.0476190476190476
"53","0011","C=1","c00111",TRUE,0.0303227314557172,0.0303227314557172,"Long","C","c00110",FALSE,0.01596019906037,0.01596019906037,"Pizza","C",0.0462829305160872,0.0050986099064387,7,0.333333333333333
"54","0011","Cu_f=0",NA,NA,0,0,NA,NA,"c00110",FALSE,0.346659401432688,0.346659401432688,"Pizza","Cu",0.346659401432688,0.102794581694299,NA,NA
"55","0011","Cu_p=0","c00111",TRUE,0.22514611225817,0.22514611225817,"Long","Cu",NA,NA,0,0,NA,NA,0.22514611225817,0.0304961288507858,NA,NA
"56","0011","K=0","c00111",TRUE,0.0213772245678837,0.0213772245678837,"Long","K","c00110",FALSE,0.0388612007021908,0.0388612007021908,"Pizza","K",0.0602384252700745,0.00586218782420458,2,0.0952380952380952
"57","0011","Ku=0","c00111",TRUE,0.0128540265295367,0.0128540265295367,"Long","Ku","c00110",FALSE,1.4296745715742e-10,1.4296745715742e-10,"Pizza","Ku",0.0128540266725042,0.00364982381576608,1,0.0476190476190476
"58","0011","Ku=1","c00111",TRUE,0.0172397751334694,0.0172397751334694,"Long","Ku","c00110",FALSE,0.03870684251093,0.03870684251093,"Pizza","Ku",0.0559466176443994,0.00561591654557792,NA,NA
"59","0011","P=0","c00111",TRUE,0.0305783823167529,0.0305783823167529,"Long","P","c00110",FALSE,0.0647005221089524,0.0647005221089524,"Pizza","P",0.0952789044257053,0.00832220858312075,4,0.19047619047619
"60","0011","Pu=0","c00111",TRUE,2.00576278885829e-09,2.00576278885829e-09,"Long","Pu","c00110",FALSE,0.0472482923241735,0.0472482923241735,"Pizza","Pu",0.0472482943299363,0.00514806838451294,4,0.19047619047619
"61","0011","Pu=1","c00111",TRUE,0.0309262287852343,0.0309262287852343,"Long","Pu","c00110",FALSE,0.00245605983958427,0.00245605983958427,"Pizza","Pu",0.0333822886248186,0.00448151660167633,NA,NA
"62","0011","S=1","c00111",TRUE,0.0269725333647149,0.0269725333647149,"Long","S","c00110",FALSE,0.0345861059969022,0.0345861059969022,"Pizza","S",0.0615586393616172,0.00594009438908934,NA,NA
"63","0011","Su_f=0",NA,NA,0,0,NA,NA,"c00110",FALSE,0.0894633345959573,0.0894633345959573,"Pizza","Su",0.0894633345959573,0.00785202904928601,1,0.0476190476190476
"64","0011","Su_p=0","c00111",TRUE,0.0620356834694481,0.0620356834694481,"Long","Su",NA,NA,0,0,NA,NA,0.0620356834694481,0.00596849895666294,NA,NA
"65","0100","br_f=0",NA,NA,0,0,NA,NA,"c01000",FALSE,0.766705158188785,0.766705158188785,"Pizza","br",0.766705158188785,0.945083460997761,3,0.111111111111111
"66","0100","br_p=0","c01001",TRUE,0.0299777110040294,0.0299777110040294,"Long","br",NA,NA,0,0,NA,NA,0.0299777110040294,0.000596902658640315,NA,NA
"67","0100","br_p=1","c01001",TRUE,8.68333696808078e-06,8.68333696808078e-06,"Long","br",NA,NA,0,0,NA,NA,8.68333696808078e-06,0.000442333345236484,5,0.185185185185185
"68","0100","C=0","c01001",TRUE,0.0462628755889992,0.0462628755889992,"Long","C","c01000",FALSE,0.032753484718151,0.032753484718151,"Pizza","C",0.0790163603071501,0.000974710537473029,NA,NA
"69","0100","Cu_f=0",NA,NA,0,0,NA,NA,"c01000",FALSE,0.0236853609297704,0.0236853609297704,"Pizza","Cu",0.0236853609297704,0.000560500732007771,1,0.037037037037037
"70","0100","Cu_f=1",NA,NA,0,0,NA,NA,"c01000",FALSE,2.9908217698643e-06,2.9908217698643e-06,"Pizza","Cu",2.9908217698643e-06,0.000442308166060251,NA,NA
"71","0100","Cu_p=0","c01001",TRUE,0.0581849698394213,0.0581849698394213,"Long","Cu",NA,NA,0,0,NA,NA,0.0581849698394213,0.000791418288394717,NA,NA
"72","0100","Cu_p=1","c01001",TRUE,2.75000824124709e-11,2.75000824124709e-11,"Long","Cu",NA,NA,0,0,NA,NA,2.75000824124709e-11,0.000442294937730783,4,0.148148148148148
"73","0100","K=1","c01001",TRUE,0.371024970416022,0.371024970416022,"Long","K","c01000",FALSE,0.0216650042519247,0.0216650042519247,"Pizza","K",0.392689974667946,0.0224462016177817,1,0.037037037037037
"74","0100","Ku=0","c01001",TRUE,1.09672015060703e-07,1.09672015060703e-07,"Long","Ku","c01000",FALSE,8.25128377900124e-11,8.25128377900124e-11,"Pizza","Ku",1.09754527898493e-07,0.000442295423048138,NA,NA
"75","0100","Ku=1","c01001",TRUE,0.372251435946447,0.372251435946447,"Long","Ku","c01000",FALSE,0.0216944648344897,0.0216944648344897,"Pizza","Ku",0.393945900780937,0.0227298870359791,NA,NA
"76","0100","P=0","c01001",TRUE,0.0306238364135735,0.0306238364135735,"Long","P","c01000",FALSE,0.0567033874267088,0.0567033874267088,"Pizza","P",0.0873272238402822,0.00105917880818793,3,0.111111111111111
"77","0100","Pu=0","c01001",TRUE,2.0104778599509e-09,2.0104778599509e-09,"Long","Pu","c01000",FALSE,0.0316109836772257,0.0316109836772257,"Pizza","Pu",0.0316109856877036,0.000606731768331165,5,0.185185185185185
"78","0100","Pu=1","c01001",TRUE,0.0305264934942247,0.0305264934942247,"Long","Pu","c01000",FALSE,0.0015677344667808,0.0015677344667808,"Pizza","Pu",0.0320942279610055,0.000609670848440537,2,0.0740740740740741
"79","0100","S=0","c01001",TRUE,0.0301961819083411,0.0301961819083411,"Long","S","c01000",FALSE,0.0219399239285831,0.0219399239285831,"Pizza","S",0.0521361058369243,0.000744965566295322,NA,NA
"80","0100","Su_f=0",NA,NA,0,0,NA,NA,"c01000",FALSE,0.0178948786105983,0.0178948786105983,"Pizza","Su",0.0178948786105983,0.000528966829276136,NA,NA
"81","0100","Su_f=1",NA,NA,0,0,NA,NA,"c01000",FALSE,0.00377662806269966,0.00377662806269966,"Pizza","Su",0.00377662806269966,0.000459318201730507,2,0.0740740740740741
"82","0100","Su_p=0","c01001",TRUE,0.0264696128796034,0.0264696128796034,"Long","Su",NA,NA,0,0,NA,NA,0.0264696128796034,0.000576325766694131,NA,NA
"83","0100","Su_p=1","c01001",TRUE,0.00447311746237717,0.00447311746237717,"Long","Su",NA,NA,0,0,NA,NA,0.00447311746237717,0.000462528470931256,1,0.037037037037037
"84","0101","br_f=0",NA,NA,0,0,NA,NA,"c01010",FALSE,0.667570381818257,0.667570381818257,"Pizza","br",0.667570381818257,0.880674564747165,2,0.0833333333333333
"85","0101","br_p=0","c01011",TRUE,0.0318014301575522,0.0318014301575522,"Long","br",NA,NA,0,0,NA,NA,0.0318014301575522,0.00152653223219149,1,0.0416666666666667
"86","0101","br_p=1","c01011",TRUE,7.7799867769972e-06,7.7799867769972e-06,"Long","br",NA,NA,0,0,NA,NA,7.7799867769972e-06,0.00111077963911813,1,0.0416666666666667
"87","0101","C=0","c01011",TRUE,0.0475097360733832,0.0475097360733832,"Long","C","c01010",FALSE,0.0385044337182983,0.0385044337182983,"Pizza","C",0.0860141697916815,0.00262511851712542,NA,NA
"88","0101","Cu_f=0",NA,NA,0,0,NA,NA,"c01010",FALSE,0.0290805456494051,0.0290805456494051,"Pizza","Cu",0.0290805456494051,0.00148555702507542,NA,NA
"89","0101","Cu_f=1",NA,NA,0,0,NA,NA,"c01010",FALSE,3.51729257800343e-06,3.51729257800343e-06,"Pizza","Cu",3.51729257800343e-06,0.00111073229098805,NA,NA
"90","0101","Cu_p=0","c01011",TRUE,0.0598531989320684,0.0598531989320684,"Long","Cu",NA,NA,0,0,NA,NA,0.0598531989320684,0.00202084620247318,NA,NA
"91","0101","Cu_p=1","c01011",TRUE,2.93269654715064e-11,2.93269654715064e-11,"Long","Cu",NA,NA,0,0,NA,NA,2.93269654715064e-11,0.00111069322429641,5,0.208333333333333
"92","0101","K=1","c01011",TRUE,0.344758488074716,0.344758488074716,"Long","K","c01010",FALSE,0.0260254625084954,0.0260254625084954,"Pizza","K",0.370783950583211,0.0452781172254679,NA,NA
"93","0101","Ku=0","c01011",TRUE,1.28250861880473e-07,1.28250861880473e-07,"Long","Ku","c01010",FALSE,9.90055457801216e-11,9.90055457801216e-11,"Pizza","Ku",1.28349867426253e-07,0.00111069464954487,NA,NA
"94","0101","Ku=1","c01011",TRUE,0.352689496608201,0.352689496608201,"Long","Ku","c01010",FALSE,0.0262334144344507,0.0262334144344507,"Pizza","Ku",0.378922911042652,0.0491174052100466,NA,NA
"95","0101","P=0","c01011",TRUE,0.0313084225430966,0.0313084225430966,"Long","P","c01010",FALSE,0.0595155118090622,0.0595155118090622,"Pizza","P",0.0908239343521589,0.00275446626330996,9,0.375
"96","0101","Pu=0","c01011",TRUE,2.0776607407066e-09,2.0776607407066e-09,"Long","Pu","c01010",FALSE,0.0374636410384982,0.0374636410384982,"Pizza","Pu",0.0374636431161589,0.00161546166684957,5,0.208333333333333
"97","0101","Pu=1","c01011",TRUE,0.031469137077315,0.031469137077315,"Long","Pu","c01010",FALSE,0.00178086910061533,0.00178086910061533,"Pizza","Pu",0.0332500061779304,0.00154880614987544,NA,NA
"98","0101","S=1","c01011",TRUE,0.028054083278629,0.028054083278629,"Long","S","c01010",FALSE,0.0218402671536555,0.0218402671536555,"Pizza","S",0.0498943504322844,0.00182928988545584,NA,NA
"99","0101","Su_f=0",NA,NA,0,0,NA,NA,"c01010",FALSE,0.0919819553776783,0.0919819553776783,"Pizza","Su",0.0919819553776783,0.00278654896547143,1,0.0416666666666667
"100","0101","Su_p=0","c01011",TRUE,0.0725480969104119,0.0725480969104119,"Long","Su",NA,NA,0,0,NA,NA,0.0725480969104119,0.00229438610554489,NA,NA
"101","0110","br_f=0",NA,NA,0,0,NA,NA,"c01100",FALSE,0.347260196700436,0.347260196700435,"Pizza","br",0.347260196700436,0.213238997301699,NA,NA
"102","0110","br_p=0","c01101",TRUE,0.0322526257934375,0.0322526257934375,"Long","br",NA,NA,0,0,NA,NA,0.0322526257934375,0.00913705278141756,NA,NA
"103","0110","br_p=1","c01101",TRUE,5.4550743136989e-06,5.4550743136989e-06,"Long","br",NA,NA,0,0,NA,NA,5.4550743136989e-06,0.00661848289321888,1,0.0714285714285714
"104","0110","C=1","c01101",TRUE,0.0322531418089539,0.0322531418089539,"Long","C","c01100",FALSE,0.0145181504549454,0.0145181504549454,"Pizza","C",0.0467712922638994,0.0105647664559097,6,0.428571428571429
"105","0110","Cu_f=0",NA,NA,0,0,NA,NA,"c01100",FALSE,0.376971592111059,0.376971592111059,"Pizza","Cu",0.376971592111059,0.28701300945513,1,0.0714285714285714
"106","0110","Cu_p=0","c01101",TRUE,0.26067573133452,0.26067573133452,"Long","Cu",NA,NA,0,0,NA,NA,0.26067573133452,0.0897088060133871,NA,NA
"107","0110","K=1","c01101",TRUE,0.273451000132843,0.273451000132843,"Long","K","c01100",FALSE,0.0376402207289364,0.0376402207289364,"Pizza","K",0.31109122086178,0.148520624088673,1,0.0714285714285714
"108","0110","Ku=0","c01101",TRUE,1.44357900472104e-07,1.44357900472104e-07,"Long","Ku","c01100",FALSE,1.37753819148092e-10,1.37753819148092e-10,"Pizza","Ku",1.44495654291252e-07,0.00661813142281142,2,0.142857142857143
"109","0110","Ku=1","c01101",TRUE,0.272392102494155,0.272392102494155,"Long","Ku","c01100",FALSE,0.037431953006826,0.037431953006826,"Pizza","Ku",0.309824055500981,0.146650496018067,NA,NA
"110","0110","P=0","c01101",TRUE,0.032148606094285,0.032148606094285,"Long","P","c01100",FALSE,0.0619386575641535,0.0619386575641535,"Pizza","P",0.0940872636584385,0.0169570598819375,3,0.214285714285714
"111","0110","Pu=0","c01101",TRUE,2.14987413719218e-09,2.14987413719218e-09,"Long","Pu","c01100",FALSE,0.0463116274836321,0.0463116274836321,"Pizza","Pu",0.0463116296335062,0.0105163156130426,NA,NA
"112","0110","Pu=1","c01101",TRUE,0.0321129853119634,0.0321129853119634,"Long","Pu","c01100",FALSE,0.00241714534192329,0.00241714534192329,"Pizza","Pu",0.0345301306538867,0.00934753740319295,NA,NA
"113","0110","S=0","c01101",TRUE,0.0322531418089539,0.0322531418089539,"Long","S","c01100",FALSE,0.0378039741501736,0.0378039741501736,"Pizza","S",0.0700571159591276,0.0133348749808398,NA,NA
"114","0110","Su_f=0",NA,NA,0,0,NA,NA,"c01100",FALSE,0.0311791893643837,0.0311791893643837,"Pizza","Su",0.0311791893643837,0.0090394968654414,NA,NA
"115","0110","Su_f=1",NA,NA,0,0,NA,NA,"c01100",FALSE,0.00652729295577741,0.00652729295577741,"Pizza","Su",0.00652729295577741,0.00706451631949209,NA,NA
"116","0110","Su_p=0","c01101",TRUE,0.02764449778707,0.02764449778707,"Long","Su",NA,NA,0,0,NA,NA,0.02764449778707,0.0087255595741441,NA,NA
"117","0110","Su_p=1","c01101",TRUE,0.0048105658517297,0.0048105658517297,"Long","Su",NA,NA,0,0,NA,NA,0.0048105658517297,0.00694427293159587,NA,NA
"118","0111","br_f=0",NA,NA,0,0,NA,NA,"c01110",FALSE,0.322360802812002,0.322360802812002,"Pizza","br",0.322360802812002,0.199959852040903,NA,NA
"119","0111","br_p=0","c01111",TRUE,0.0333230766964549,0.0333230766964549,"Long","br",NA,NA,0,0,NA,NA,0.0333230766964549,0.0111088195340564,NA,NA
"120","0111","br_p=1","c01111",TRUE,5.17716569268192e-06,5.17716569268192e-06,"Long","br",NA,NA,0,0,NA,NA,5.17716569268192e-06,0.00796104561691617,NA,NA
"121","0111","C=1","c01111",TRUE,0.0333236287845104,0.0333236287845104,"Long","C","c01110",FALSE,0.015725350788621,0.015725350788621,"Pizza","C",0.0490489795731314,0.0130006372333854,7,0.4375
"122","0111","Cu_f=0",NA,NA,0,0,NA,NA,"c01110",FALSE,0.345988844950674,0.345988844950674,"Pizza","Cu",0.345988844950674,0.25325503589075,NA,NA
"123","0111","Cu_p=0","c01111",TRUE,0.247466679791796,0.247466679791796,"Long","Cu",NA,NA,0,0,NA,NA,0.247466679791796,0.0945544043640315,NA,NA
"124","0111","K=1","c01111",TRUE,0.262990951255988,0.262990951255988,"Long","K","c01110",FALSE,0.0387014904609738,0.0387014904609738,"Pizza","K",0.301692441716962,0.162622732831171,1,0.0625
"125","0111","Ku=0","c01111",TRUE,1.56028823405905e-07,1.56028823405905e-07,"Long","Ku","c01110",FALSE,1.40648369740869e-10,1.40648369740869e-10,"Pizza","Ku",1.56169471775645e-07,0.00796064590315149,1,0.0625
"126","0111","Ku=1","c01111",TRUE,0.25741680879588,0.25741680879588,"Long","Ku","c01110",FALSE,0.0386445832399438,0.0386445832399438,"Pizza","Ku",0.296061392035823,0.153718421786874,NA,NA
"127","0111","P=0","c01111",TRUE,0.0337026008131735,0.0337026008131735,"Long","P","c01110",FALSE,0.0635802763057975,0.0635802763057975,"Pizza","P",0.097282877118971,0.0210591964281842,2,0.125
"128","0111","Pu=0","c01111",TRUE,2.1911097641591e-09,2.1911097641591e-09,"Long","Pu","c01110",FALSE,0.0477767130558784,0.0477767130558784,"Pizza","Pu",0.0477767152469881,0.0128362824939955,5,0.3125
"129","0111","Pu=1","c01111",TRUE,0.0333257736273521,0.0333257736273521,"Long","Pu","c01110",FALSE,0.0025527187585398,0.0025527187585398,"Pizza","Pu",0.0358784923858919,0.0113963542581988,NA,NA
"130","0111","S=1","c01111",TRUE,0.0297312816437825,0.0297312816437825,"Long","S","c01110",FALSE,0.0346036323239198,0.0346036323239198,"Pizza","S",0.0643349139677023,0.0151478365254699,NA,NA
"131","0111","Su_f=0",NA,NA,0,0,NA,NA,"c01110",FALSE,0.0900655871630022,0.0900655871630022,"Pizza","Su",0.0900655871630022,0.0195928450302299,NA,NA
"132","0111","Su_p=0","c01111",TRUE,0.0687138632054365,0.0687138632054365,"Long","Su",NA,NA,0,0,NA,NA,0.0687138632054365,0.0158258900626826,NA,NA
"133","1000","br_f=0",NA,NA,0,0,NA,NA,"c10000",FALSE,0.477497539383462,0.477497539383462,"Pizza","br",0.477497539383462,0.042865365310603,NA,NA
"134","1000","br_p=1","c10001",TRUE,0.786446262710078,0.786446262710078,"Long","br",NA,NA,0,0,NA,NA,0.786446262710078,0.941572545007272,1,0.0416666666666667
"135","1000","C=0","c10001",TRUE,0.0352879813520262,0.0352879813520262,"Long","C","c10000",FALSE,0.0414953646134709,0.041495364613471,"Pizza","C",0.0767833459654972,0.000779519348015291,1,0.0416666666666667
"136","1000","Cu_f=0",NA,NA,0,0,NA,NA,"c10000",FALSE,0.031745568634234,0.031745568634234,"Pizza","Cu",0.031745568634234,0.000496855746728786,NA,NA
"137","1000","Cu_f=1",NA,NA,0,0,NA,NA,"c10000",FALSE,3.88542992632362e-06,3.88542992632362e-06,"Pizza","Cu",3.88542992632362e-06,0.000361724511407406,NA,NA
"138","1000","Cu_p=0","c10001",TRUE,0.0454915674560151,0.0454915674560151,"Long","Cu",NA,NA,0,0,NA,NA,0.0454915674560151,0.000570070321432773,1,0.0416666666666667
"139","1000","Cu_p=1","c10001",TRUE,2.62698645468626e-11,2.62698645468626e-11,"Long","Cu",NA,NA,0,0,NA,NA,2.62698645468626e-11,0.000361710457223047,NA,NA
"140","1000","K=0","c10001",TRUE,0.015429891579717,0.015429891579717,"Long","K","c10000",FALSE,0.0294232083168236,0.0294232083168236,"Pizza","K",0.0448530998965406,0.000566442201872178,9,0.375
"141","1000","Ku=0","c10001",TRUE,0.00948488687243191,0.00948488687243191,"Long","Ku","c10000",FALSE,1.11381430091047e-10,1.11381430091047e-10,"Pizza","Ku",0.00948488698381334,0.000397697998467657,4,0.166666666666667
"142","1000","Ku=1","c10001",TRUE,0.0145751257151432,0.0145751257151432,"Long","Ku","c10000",FALSE,0.029342721434113,0.029342721434113,"Pizza","Ku",0.0439178471492561,0.000561169231851282,1,0.0416666666666667
"143","1000","P=1","c10001",TRUE,0.0233763297594,0.0233763297594,"Long","P","c10000",FALSE,0.0195446444454939,0.0195446444454939,"Pizza","P",0.0429209742048939,0.000555602878438999,NA,NA
"144","1000","Pu=0","c10001",TRUE,1.53150805649534e-09,1.53150805649534e-09,"Long","Pu","c10000",FALSE,0.311892897452813,0.311892897452813,"Pizza","Pu",0.311892898984321,0.00818266392216715,4,0.166666666666667
"145","1000","Pu=1","c10001",TRUE,0.0230037805270055,0.0230037805270055,"Long","Pu",NA,NA,0,0,NA,NA,0.0230037805270055,0.00045526599606152,NA,NA
"146","1000","S=0","c10001",TRUE,0.0233905671748619,0.0233905671748619,"Long","S","c10000",FALSE,0.0298000263203592,0.0298000263203592,"Pizza","S",0.0531905934952211,0.000615693937003289,NA,NA
"147","1000","Su_f=0",NA,NA,0,0,NA,NA,"c10000",FALSE,0.0241855490910221,0.0241855490910221,"Pizza","Su",0.0241855490910221,0.000460678102786882,3,0.125
"148","1000","Su_f=1",NA,NA,0,0,NA,NA,"c10000",FALSE,0.005068594766901,0.005068594766901,"Pizza","Su",0.005068594766901,0.000380516673860419,NA,NA
"149","1000","Su_p=0","c10001",TRUE,0.0200575190901372,0.0200575190901372,"Long","Su",NA,NA,0,0,NA,NA,0.0200575190901372,0.000442048339063514,NA,NA
"150","1000","Su_p=1","c10001",TRUE,0.0034560862054059,0.0034560862054059,"Long","Su",NA,NA,0,0,NA,NA,0.0034560862054059,0.000374430015744465,NA,NA
"151","1001","br_f=0",NA,NA,0,0,NA,NA,"c10010",FALSE,0.425325512646266,0.425325512646266,"Pizza","br",0.425325512646266,0.042756936389694,5,0.185185185185185
"152","1001","br_p=1","c10011",TRUE,0.733627145341727,0.733627145341727,"Long","br",NA,NA,0,0,NA,NA,0.733627145341727,0.933133020814663,1,0.037037037037037
"153","1001","C=0","c10011",TRUE,0.0385183775467627,0.0385183775467627,"Long","C","c10010",FALSE,0.0424332490709869,0.0424332490709869,"Pizza","C",0.0809516266177496,0.00136587135005447,NA,NA
"154","1001","Cu_f=0",NA,NA,0,0,NA,NA,"c10010",FALSE,0.0342798012900944,0.0342798012900944,"Pizza","Cu",0.0342798012900944,0.000856478831527337,1,0.037037037037037
"155","1001","Cu_f=1",NA,NA,0,0,NA,NA,"c10010",FALSE,4.15716818140822e-06,4.15716818140822e-06,"Pizza","Cu",4.15716818140822e-06,0.000607938156890324,NA,NA
"156","1001","Cu_p=0","c10011",TRUE,0.0487015846686235,0.0487015846686235,"Long","Cu",NA,NA,0,0,NA,NA,0.0487015846686235,0.000989349282046613,1,0.037037037037037
"157","1001","Cu_p=1","c10011",TRUE,2.80099300142784e-11,2.80099300142784e-11,"Long","Cu",NA,NA,0,0,NA,NA,2.80099300142784e-11,0.000607912884574292,1,0.037037037037037
"158","1001","K=0","c10011",TRUE,0.0173185077312201,0.0173185077312201,"Long","K","c10010",FALSE,0.0322887480169711,0.0322887480169711,"Pizza","K",0.0496072557481912,0.000998350230338398,8,0.296296296296296
"159","1001","Ku=0","c10011",TRUE,0.0107781593118087,0.0107781593118087,"Long","Ku","c10010",FALSE,1.21227940918974e-10,1.21227940918974e-10,"Pizza","Ku",0.0107781594330366,0.000677096080488545,1,0.037037037037037
"160","1001","Ku=1","c10011",TRUE,0.0158563408163589,0.0158563408163589,"Long","Ku","c10010",FALSE,0.0319691175947679,0.0319691175947679,"Pizza","Ku",0.0478254584111268,0.000980719193647033,1,0.037037037037037
"161","1001","P=1","c10011",TRUE,0.0260284094417774,0.0260284094417774,"Long","P","c10010",FALSE,0.0217733749244495,0.0217733749244495,"Pizza","P",0.0478017843662269,0.000980487045225332,NA,NA
"162","1001","Pu=0","c10011",TRUE,1.73818277378493e-09,1.73818277378493e-09,"Long","Pu","c10010",FALSE,0.295333576408137,0.295333576408137,"Pizza","Pu",0.295333578146319,0.0116535644192654,6,0.222222222222222
"163","1001","Pu=1","c10011",TRUE,0.0255587269401092,0.0255587269401092,"Long","Pu",NA,NA,0,0,NA,NA,0.0255587269401092,0.000784949087405743,NA,NA
"164","1001","S=1","c10011",TRUE,0.0229058885091853,0.0229058885091853,"Long","S","c10010",FALSE,0.0267353111741968,0.0267353111741968,"Pizza","S",0.0496411996833821,0.000998689167214564,NA,NA
"165","1001","Su_f=0",NA,NA,0,0,NA,NA,"c10010",FALSE,0.0898571515847212,0.0898571515847212,"Pizza","Su",0.0898571515847212,0.00149309004222776,2,0.0740740740740741
"166","1001","Su_p=0","c10011",TRUE,0.0607068579262349,0.0607068579262349,"Long","Su",NA,NA,0,0,NA,NA,0.0607068579262349,0.00111554702473727,NA,NA
"167","1010","br_f=0",NA,NA,0,0,NA,NA,"c10100",FALSE,0.282112561337224,0.282112561337224,"Pizza","br",0.282112561337224,0.0428942167464261,2,0.1
"168","1010","br_p=1","c10101",TRUE,0.577025265474016,0.577025265474016,"Long","br",NA,NA,0,0,NA,NA,0.577025265474016,0.818819812458155,NA,NA
"169","1010","C=1","c10101",TRUE,0.0286712424761322,0.0286712424761322,"Long","C","c10100",FALSE,0.0177099192418819,0.0177099192418819,"Pizza","C",0.0463811617180141,0.00406097467639246,5,0.25
"170","1010","Cu_f=0",NA,NA,0,0,NA,NA,"c10100",FALSE,0.298660676791741,0.298660676791741,"Pizza","Cu",0.298660676791741,0.0506134911167301,NA,NA
"171","1010","Cu_p=0","c10101",TRUE,0.230071711374761,0.230071711374761,"Long","Cu",NA,NA,0,0,NA,NA,0.230071711374761,0.0254910780218717,NA,NA
"172","1010","K=0","c10101",TRUE,0.0201550314686317,0.0201550314686317,"Long","K","c10100",FALSE,0.03999123182124,0.03999123182124,"Pizza","K",0.0601462632898718,0.00466027299293905,4,0.2
"173","1010","Ku=0","c10101",TRUE,0.0123661585204693,0.0123661585204693,"Long","Ku","c10100",FALSE,1.48250685408786e-10,1.48250685408786e-10,"Pizza","Ku",0.01236615866872,0.00289004762834846,1,0.05
"174","1010","Ku=1","c10101",TRUE,0.0166367020383928,0.0166367020383928,"Long","Ku","c10100",FALSE,0.0405193046784838,0.0405193046784838,"Pizza","Ku",0.0571560067168766,0.00452298178307429,NA,NA
"175","1010","P=1","c10101",TRUE,0.0289928768000889,0.0289928768000889,"Long","P","c10100",FALSE,0.0303445462869747,0.0303445462869747,"Pizza","P",0.0593374230870636,0.00462273086400145,NA,NA
"176","1010","Pu=0","c10101",TRUE,1.89233500173248e-09,1.89233500173248e-09,"Long","Pu","c10100",FALSE,0.209029041818714,0.209029041818714,"Pizza","Pu",0.209029043711049,0.0206538518609557,8,0.4
"177","1010","Pu=1","c10101",TRUE,0.0290368381991894,0.0290368381991894,"Long","Pu",NA,NA,0,0,NA,NA,0.0290368381991894,0.00341432486888486,NA,NA
"178","1010","S=0","c10101",TRUE,0.0286712424761322,0.0286712424761322,"Long","S","c10100",FALSE,0.0410657101768615,0.0410657101768615,"Pizza","S",0.0697369526529937,0.00512936013933389,NA,NA
"179","1010","Su_f=0",NA,NA,0,0,NA,NA,"c10100",FALSE,0.0335075890217646,0.0335075890217646,"Pizza","Su",0.0335075890217646,0.00357043446017986,NA,NA
"180","1010","Su_f=1",NA,NA,0,0,NA,NA,"c10100",FALSE,0.00705941867686337,0.00705941867686337,"Pizza","Su",0.00705941867686337,0.00274067867810258,NA,NA
"181","1010","Su_p=0","c10101",TRUE,0.0241887820856118,0.0241887820856118,"Long","Su",NA,NA,0,0,NA,NA,0.0241887820856118,0.00325274487416901,NA,NA
"182","1010","Su_p=1","c10101",TRUE,0.00418414719423945,0.00418414719423945,"Long","Su",NA,NA,0,0,NA,NA,0.00418414719423945,0.0026629988304355,NA,NA
"183","1011","br_f=0",NA,NA,0,0,NA,NA,"c10110",FALSE,0.266520346112424,0.266520346112424,"Pizza","br",0.266520346112424,0.0504088717808428,NA,NA
"184","1011","br_p=1","c10111",TRUE,0.539995634982101,0.539995634982101,"Long","br",NA,NA,0,0,NA,NA,0.539995634982101,0.77659585171147,1,0.0588235294117647
"185","1011","C=1","c10111",TRUE,0.0303423157286493,0.0303423157286493,"Long","C","c10110",FALSE,0.0189051823046917,0.0189051823046917,"Pizza","C",0.049247498033341,0.00573988230745269,4,0.235294117647059
"186","1011","Cu_f=0",NA,NA,0,0,NA,NA,"c10110",FALSE,0.281157664363727,0.281157664363727,"Pizza","Cu",0.281157664363727,0.0583547271695793,NA,NA
"187","1011","Cu_p=0","c10111",TRUE,0.22641001502738,0.22641001502738,"Long","Cu",NA,NA,0,0,NA,NA,0.22641001502738,0.0337528168525506,NA,NA
"188","1011","K=0","c10111",TRUE,0.0219140799881422,0.0219140799881422,"Long","K","c10110",FALSE,0.0415549040450492,0.0415549040450492,"Pizza","K",0.0634689840331914,0.00661707590511263,4,0.235294117647059
"189","1011","Ku=0","c10111",TRUE,0.0131178077852015,0.0131178077852015,"Long","Ku","c10110",FALSE,1.56643938894918e-10,1.56643938894918e-10,"Pizza","Ku",0.0131178079418454,0.00399938982317748,2,0.117647058823529
"190","1011","Ku=1","c10111",TRUE,0.0172370150064252,0.0172370150064252,"Long","Ku","c10110",FALSE,0.0408175039052248,0.0408175039052248,"Pizza","Ku",0.05805451891165,0.00626832337748572,NA,NA
"191","1011","P=1","c10111",TRUE,0.0307658003199009,0.0307658003199009,"Long","P","c10110",FALSE,0.0309557936033744,0.0309557936033744,"Pizza","P",0.0617215939232753,0.00650245413641557,NA,NA
"192","1011","Pu=0","c10111",TRUE,2.01397875927152e-09,2.01397875927152e-09,"Long","Pu","c10110",FALSE,0.198834754684939,0.198834754684939,"Pizza","Pu",0.198834756698918,0.0256184115165108,6,0.352941176470588
"193","1011","Pu=1","c10111",TRUE,0.0301262987128928,0.0301262987128928,"Long","Pu",NA,NA,0,0,NA,NA,0.0301262987128928,0.00474089868149735,NA,NA
"194","1011","S=1","c10111",TRUE,0.0276803011055342,0.0276803011055342,"Long","S","c10110",FALSE,0.0363089258886929,0.0363089258886929,"Pizza","S",0.0639892269942271,0.00665159047870971,NA,NA
"195","1011","Su_f=0",NA,NA,0,0,NA,NA,"c10110",FALSE,0.0849449249352334,0.0849449249352334,"Pizza","Su",0.0849449249352334,0.00820228665049163,NA,NA
"196","1011","Su_p=0","c10111",TRUE,0.0624107293297946,0.0624107293297946,"Long","Su",NA,NA,0,0,NA,NA,0.0624107293297946,0.00654741960870385,NA,NA
"197","1100","br_f=0",NA,NA,0,0,NA,NA,"c11000",FALSE,0.477232737415606,0.477232737415606,"Pizza","br",0.477232737415606,0.433389495299781,2,0.0869565217391304
"198","1100","br_p=0","c11001",TRUE,0.0299992966313437,0.0299992966313437,"Long","br",NA,NA,0,0,NA,NA,0.0299992966313437,0.00494957860710421,NA,NA
"199","1100","br_p=1","c11001",TRUE,8.69011492216539e-06,8.69011492216539e-06,"Long","br",NA,NA,0,0,NA,NA,8.69011492216539e-06,0.00366708246745041,3,0.130434782608696
"200","1100","C=0","c11001",TRUE,0.04562695850504,0.04562695850504,"Long","C","c11000",FALSE,0.0401275261171736,0.0401275261171736,"Pizza","C",0.0857544846222136,0.00864390391679461,4,0.173913043478261
"201","1100","Cu_f=0",NA,NA,0,0,NA,NA,"c11000",FALSE,0.0322877182697708,0.0322877182697708,"Pizza","Cu",0.0322877182697708,0.00506415179375725,NA,NA
"202","1100","Cu_f=1",NA,NA,0,0,NA,NA,"c11000",FALSE,3.88332700472809e-06,3.88332700472809e-06,"Pizza","Cu",3.88332700472809e-06,0.00366690620280981,NA,NA
"203","1100","Cu_p=0","c11001",TRUE,0.0582531223810952,0.0582531223810952,"Long","Cu",NA,NA,0,0,NA,NA,0.0582531223810952,0.00656557901140616,1,0.0434782608695652
"204","1100","Cu_p=1","c11001",TRUE,2.78011105006441e-11,2.78011105006441e-11,"Long","Cu",NA,NA,0,0,NA,NA,2.78011105006441e-11,0.00366676380863526,4,0.173913043478261
"205","1100","K=1","c11001",TRUE,0.371289320872439,0.371289320872439,"Long","K","c11000",FALSE,0.029371270925921,0.029371270925921,"Pizza","K",0.40066059179836,0.201525393292423,NA,NA
"206","1100","Ku=0","c11001",TRUE,1.08948430586317e-07,1.08948430586317e-07,"Long","Ku","c11000",FALSE,1.11979981674942e-10,1.11979981674942e-10,"Pizza","Ku",1.09060410567992e-07,0.0036667678066057,3,0.130434782608696
"207","1100","Ku=1","c11001",TRUE,0.374012567326215,0.374012567326215,"Long","Ku","c11000",FALSE,0.0290307246035066,0.0290307246035066,"Pizza","Ku",0.403043291929721,0.206384801770356,1,0.0434782608695652
"208","1100","P=1","c11001",TRUE,0.0301851763668514,0.0301851763668514,"Long","P","c11000",FALSE,0.0195587515475711,0.0195587515475711,"Pizza","P",0.0497439279144226,0.00603001052338791,1,0.0434782608695652
"209","1100","Pu=0","c11001",TRUE,1.96981816664884e-09,1.96981816664884e-09,"Long","Pu","c11000",FALSE,0.31319296919949,0.313192969199491,"Pizza","Pu",0.313192971169309,0.084035488222081,3,0.130434782608696
"210","1100","Pu=1","c11001",TRUE,0.0298856393158771,0.0298856393158771,"Long","Pu",NA,NA,0,0,NA,NA,0.0298856393158771,0.00494395624465083,NA,NA
"211","1100","S=0","c11001",TRUE,0.0300522234967158,0.0300522234967158,"Long","S","c11000",FALSE,0.0294736858406785,0.0294736858406785,"Pizza","S",0.0595259093373943,0.00664967891563824,NA,NA
"212","1100","Su_f=0",NA,NA,0,0,NA,NA,"c11000",FALSE,0.0246209817680435,0.0246209817680435,"Pizza","Su",0.0246209817680435,0.00469040669685488,NA,NA
"213","1100","Su_f=1",NA,NA,0,0,NA,NA,"c11000",FALSE,0.00509975087325338,0.00509975087325338,"Pizza","Su",0.00509975087325338,0.00385860988617521,NA,NA
"214","1100","Su_p=0","c11001",TRUE,0.0263425190466392,0.0263425190466392,"Long","Su",NA,NA,0,0,NA,NA,0.0263425190466392,0.0047718528480867,NA,NA
"215","1100","Su_p=1","c11001",TRUE,0.00434437499681197,0.00434437499681197,"Long","Su",NA,NA,0,0,NA,NA,0.00434437499681197,0.0038295726860017,1,0.0434782608695652
"216","1101","br_f=0",NA,NA,0,0,NA,NA,"c11010",FALSE,0.428382281648685,0.428382281648685,"Pizza","br",0.428382281648685,0.361752412623376,2,0.0909090909090909
"217","1101","br_p=0","c11011",TRUE,0.0316805294776719,0.0316805294776719,"Long","br",NA,NA,0,0,NA,NA,0.0316805294776719,0.00684790326755486,1,0.0454545454545455
"218","1101","br_p=1","c11011",TRUE,7.87974903910314e-06,7.87974903910314e-06,"Long","br",NA,NA,0,0,NA,NA,7.87974903910314e-06,0.00498890284977638,NA,NA
"219","1101","C=0","c11011",TRUE,0.0480083797726252,0.0480083797726252,"Long","C","c11010",FALSE,0.0432816627134137,0.0432816627134137,"Pizza","C",0.0912900424860389,0.012429064524213,NA,NA
"220","1101","Cu_f=0",NA,NA,0,0,NA,NA,"c11010",FALSE,0.0346928518140926,0.0346928518140926,"Pizza","Cu",0.0346928518140926,0.00705732254357614,NA,NA
"221","1101","Cu_f=1",NA,NA,0,0,NA,NA,"c11010",FALSE,4.15480543261269e-06,4.15480543261269e-06,"Pizza","Cu",4.15480543261269e-06,0.0049887170194197,NA,NA
"222","1101","Cu_p=0","c11011",TRUE,0.0595362527657912,0.0595362527657912,"Long","Cu",NA,NA,0,0,NA,NA,0.0595362527657912,0.00904760196152045,NA,NA
"223","1101","Cu_p=1","c11011",TRUE,2.9297730227553e-11,2.9297730227553e-11,"Long","Cu",NA,NA,0,0,NA,NA,2.9297730227553e-11,0.00498850975370128,1,0.0454545454545455
"224","1101","K=1","c11011",TRUE,0.347996188251976,0.347996188251976,"Long","K","c11010",FALSE,0.0321127679612338,0.0321127679612338,"Pizza","K",0.380108956213209,0.223235391151893,NA,NA
"225","1101","Ku=0","c11011",TRUE,1.24360056465464e-07,1.24360056465464e-07,"Long","Ku","c11010",FALSE,1.21832891820341e-10,1.21832891820341e-10,"Pizza","Ku",1.24481889357284e-07,0.00498851596203482,1,0.0454545454545455
"226","1101","Ku=1","c11011",TRUE,0.34779974762781,0.34779974762781,"Long","Ku","c11010",FALSE,0.0323404522255046,0.0323404522255046,"Pizza","Ku",0.380140199853314,0.223305148910955,2,0.0909090909090909
"227","1101","P=1","c11011",TRUE,0.0314987129747865,0.0314987129747865,"Long","P","c11010",FALSE,0.0221562921622902,0.0221562921622902,"Pizza","P",0.0536550051370767,0.00853083519766976,1,0.0454545454545455
"228","1101","Pu=0","c11011",TRUE,2.10466662562046e-09,2.10466662562046e-09,"Long","Pu","c11010",FALSE,0.288697085813563,0.288697085813563,"Pizza","Pu",0.288697087918229,0.0894883185256665,11,0.5
"229","1101","Pu=1","c11011",TRUE,0.0316093707636647,0.0316093707636647,"Long","Pu",NA,NA,0,0,NA,NA,0.0316093707636647,0.00684303212098138,1,0.0454545454545455
"230","1101","S=1","c11011",TRUE,0.027846192923639,0.027846192923639,"Long","S","c11010",FALSE,0.0274368969932161,0.0274368969932161,"Pizza","S",0.0552830899168551,0.0086708612051714,NA,NA
"231","1101","Su_f=0",NA,NA,0,0,NA,NA,"c11010",FALSE,0.0908955537407357,0.0908955537407357,"Pizza","Su",0.0908955537407357,0.0123801298478745,2,0.0909090909090909
"232","1101","Su_p=0","c11011",TRUE,0.0740166191989765,0.0740166191989765,"Long","Su",NA,NA,0,0,NA,NA,0.0740166191989765,0.0104573325346158,NA,NA
"233","1110","br_f=0",NA,NA,0,0,NA,NA,"c11100",FALSE,0.277613859382822,0.277613859382822,"Pizza","br",0.277613859382822,0.134715916278498,1,0.0714285714285714
"234","1110","br_p=0","c11101",TRUE,0.0321688823893792,0.0321688823893792,"Long","br",NA,NA,0,0,NA,NA,0.0321688823893792,0.0115735053874486,NA,NA
"235","1110","br_p=1","c11101",TRUE,5.40193028391106e-06,5.40193028391106e-06,"Long","br",NA,NA,0,0,NA,NA,5.40193028391106e-06,0.00839036197229639,1,0.0714285714285714
"236","1110","C=1","c11101",TRUE,0.0321693984473517,0.0321693984473517,"Long","C","c11100",FALSE,0.0178430733605697,0.0178430733605697,"Pizza","C",0.0500124718079214,0.0138343462893797,6,0.428571428571429
"237","1110","Cu_f=0",NA,NA,0,0,NA,NA,"c11100",FALSE,0.299907895806704,0.299907895806704,"Pizza","Cu",0.299907895806704,0.168360683157681,NA,NA
"238","1110","Cu_p=0","c11101",TRUE,0.260933153796747,0.260933153796747,"Long","Cu",NA,NA,0,0,NA,NA,0.260933153796747,0.114018553085209,NA,NA
"239","1110","K=1","c11101",TRUE,0.274694360703205,0.274694360703205,"Long","K","c11100",FALSE,0.0403989329423604,0.0403989329423604,"Pizza","K",0.315093293645566,0.195970194737728,NA,NA
"240","1110","Ku=0","c11101",TRUE,1.44540062629375e-07,1.44540062629375e-07,"Long","Ku","c11100",FALSE,1.48500177680017e-10,1.48500177680017e-10,"Pizza","Ku",1.44688562807055e-07,0.00838992088228092,1,0.0714285714285714
"241","1110","Ku=1","c11101",TRUE,0.271302113108122,0.271302113108122,"Long","Ku","c11100",FALSE,0.0401852767186353,0.0401852767186353,"Pizza","Ku",0.311487389826757,0.189029585872064,NA,NA
"242","1110","P=1","c11101",TRUE,0.0317634131380123,0.0317634131380123,"Long","P","c11100",FALSE,0.029856434273794,0.029856434273794,"Pizza","P",0.0616198474118063,0.0155370596863539,NA,NA
"243","1110","Pu=0","c11101",TRUE,2.13010846250772e-09,2.13010846250772e-09,"Long","Pu","c11100",FALSE,0.213050909512459,0.213050909512459,"Pizza","Pu",0.213050911642567,0.0706359173857044,4,0.285714285714286
"244","1110","Pu=1","c11101",TRUE,0.0323861965902171,0.0323861965902171,"Long","Pu",NA,NA,0,0,NA,NA,0.0323861965902171,0.0115986836062039,NA,NA
"245","1110","S=0","c11101",TRUE,0.0321693984473517,0.0321693984473517,"Long","S","c11100",FALSE,0.0402740226269815,0.0402740226269815,"Pizza","S",0.0724434210743332,0.0173131071659517,NA,NA
"246","1110","Su_f=0",NA,NA,0,0,NA,NA,"c11100",FALSE,0.033832443578173,0.033832443578173,"Pizza","Su",0.033832443578173,0.011767648095335,1,0.0714285714285714
"247","1110","Su_f=1",NA,NA,0,0,NA,NA,"c11100",FALSE,0.00703715164900078,0.00703715164900078,"Pizza","Su",0.00703715164900078,0.00900158938462963,NA,NA
"248","1110","Su_p=0","c11101",TRUE,0.0277408762042743,0.0277408762042743,"Long","Su",NA,NA,0,0,NA,NA,0.0277408762042743,0.0110722104443393,NA,NA
"249","1110","Su_p=1","c11101",TRUE,0.004666658574884,0.004666658574884,"Long","Su",NA,NA,0,0,NA,NA,0.004666658574884,0.00879071656889694,NA,NA
"250","1111","br_f=0",NA,NA,0,0,NA,NA,"c11110",FALSE,0.263690115284333,0.263690115284333,"Pizza","br",0.263690115284333,0.133001020168081,1,0.0714285714285714
"251","1111","br_p=0","c11111",TRUE,0.0328353861989975,0.0328353861989975,"Long","br",NA,NA,0,0,NA,NA,0.0328353861989975,0.013221040102629,2,0.142857142857143
"252","1111","br_p=1","c11111",TRUE,5.15131980784858e-06,5.15131980784858e-06,"Long","br",NA,NA,0,0,NA,NA,5.15131980784858e-06,0.00952106925296136,NA,NA
"253","1111","C=1","c11111",TRUE,0.033177004681422,0.033177004681422,"Long","C","c11110",FALSE,0.0191406725606137,0.0191406725606137,"Pizza","C",0.0523176772420358,0.0160648301237766,5,0.357142857142857
"254","1111","Cu_f=0",NA,NA,0,0,NA,NA,"c11110",FALSE,0.279007622572985,0.279007622572985,"Pizza","Cu",0.279007622572985,0.155016547845692,NA,NA
"255","1111","Cu_p=0","c11111",TRUE,0.248974289266556,0.248974289266556,"Long","Cu",NA,NA,0,0,NA,NA,0.248974289266556,0.114800809867011,NA,NA
"256","1111","K=1","c11111",TRUE,0.257880867240602,0.257880867240602,"Long","K","c11110",FALSE,0.0417603553649577,0.0417603553649577,"Pizza","K",0.29964122260556,0.190541090951835,1,0.0714285714285714
"257","1111","Ku=0","c11111",TRUE,1.54395653185077e-07,1.54395653185077e-07,"Long","Ku","c11110",FALSE,1.52366497343185e-10,1.52366497343185e-10,"Pizza","Ku",1.5454801968242e-07,0.00952059351874477,NA,NA
"258","1111","Ku=1","c11111",TRUE,0.261461681215885,0.261461681215885,"Long","Ku","c11110",FALSE,0.0406814859581882,0.0406814859581882,"Pizza","Ku",0.302143167174073,0.19536846067077,1,0.0714285714285714
"259","1111","P=1","c11111",TRUE,0.0327084930259685,0.0327084930259685,"Long","P","c11110",FALSE,0.0307670506116448,0.0307670506116448,"Pizza","P",0.0634755436376133,0.0179611498232137,NA,NA
"260","1111","Pu=0","c11111",TRUE,2.18415476480775e-09,2.18415476480775e-09,"Long","Pu","c11110",FALSE,0.201493779935277,0.201493779935277,"Pizza","Pu",0.201493782119431,0.0714068259973715,3,0.214285714285714
"261","1111","Pu=1","c11111",TRUE,0.0332733712179524,0.0332733712179524,"Long","Pu",NA,NA,0,0,NA,NA,0.0332733712179524,0.0132790732731537,NA,NA
"262","1111","S=1","c11111",TRUE,0.0304103212712617,0.0304103212712617,"Long","S","c11110",FALSE,0.0375218343461454,0.0375218343461454,"Pizza","S",0.0679321556174071,0.0187797131974041,NA,NA
"263","1111","Su_f=0",NA,NA,0,0,NA,NA,"c11110",FALSE,0.085937083213489,0.085937083213489,"Pizza","Su",0.085937083213489,0.0224845066327507,NA,NA
"264","1111","Su_p=0","c11111",TRUE,0.0692732779817394,0.0692732779817394,"Long","Su",NA,NA,0,0,NA,NA,0.0692732779817394,0.0190332685746062,1,0.0714285714285714
